labels,paths
pucerons,corn_pests_images/pucerons/17848.jpg
pyrales,corn_pests_images/pyrales/14390.jpg
chenilles,corn_pests_images/chenilles/16454.jpg
pucerons,corn_pests_images/pucerons/20137.jpg
pyrales,corn_pests_images/pyrales/14619.jpg
pucerons,corn_pests_images/pucerons/18870.jpg
pucerons,corn_pests_images/pucerons/21119.jpg
pyrales,corn_pests_images/pyrales/15766.jpg
pyrales,corn_pests_images/pyrales/15015.jpg
pucerons,corn_pests_images/pucerons/18712.jpg
pyrales,corn_pests_images/pyrales/15874.jpg
pucerons,corn_pests_images/pucerons/18343.jpg
pyrales,corn_pests_images/pyrales/14383.jpg
pucerons,corn_pests_images/pucerons/20309.jpg
pyrales,corn_pests_images/pyrales/14397.jpg
pucerons,corn_pests_images/pucerons/19530.jpg
chenilles,corn_pests_images/chenilles/16248.jpg
pyrales,corn_pests_images/pyrales/15030.jpg
chenilles,corn_pests_images/chenilles/16279.jpg
pucerons,corn_pests_images/pucerons/19946.jpg
pyrales,corn_pests_images/pyrales/14357.jpg
pucerons,corn_pests_images/pucerons/18918.jpg
pyrales,corn_pests_images/pyrales/15261.jpg
pucerons,corn_pests_images/pucerons/19648.jpg
chenilles,corn_pests_images/chenilles/16736.jpg
pyrales,corn_pests_images/pyrales/14512.jpg
pyrales,corn_pests_images/pyrales/15899.jpg
chenilles,corn_pests_images/chenilles/16336.jpg
pucerons,corn_pests_images/pucerons/20972.jpg
chenilles,corn_pests_images/chenilles/16922.jpg
pucerons,corn_pests_images/pucerons/17348.jpg
pyrales,corn_pests_images/pyrales/14631.jpg
pucerons,corn_pests_images/pucerons/17448.jpg
pucerons,corn_pests_images/pucerons/19640.jpg
pyrales,corn_pests_images/pyrales/15780.jpg
pucerons,corn_pests_images/pucerons/17336.jpg
pucerons,corn_pests_images/pucerons/20075.jpg
pyrales,corn_pests_images/pyrales/14338.jpg
chenilles,corn_pests_images/chenilles/16712.jpg
pucerons,corn_pests_images/pucerons/17925.jpg
chenilles,corn_pests_images/chenilles/16288.jpg
pucerons,corn_pests_images/pucerons/21126.jpg
pucerons,corn_pests_images/pucerons/18093.jpg
pucerons,corn_pests_images/pucerons/20989.jpg
pucerons,corn_pests_images/pucerons/20092.jpg
pucerons,corn_pests_images/pucerons/18162.jpg
pucerons,corn_pests_images/pucerons/19363.jpg
pucerons,corn_pests_images/pucerons/17305.jpg
pyrales,corn_pests_images/pyrales/14964.jpg
pucerons,corn_pests_images/pucerons/18580.jpg
chenilles,corn_pests_images/chenilles/16968.jpg
pucerons,corn_pests_images/pucerons/17259.jpg
pyrales,corn_pests_images/pyrales/15232.jpg
acariens,corn_pests_images/acariens/25073.jpg
pucerons,corn_pests_images/pucerons/20582.jpg
pyrales,corn_pests_images/pyrales/14341.jpg
pucerons,corn_pests_images/pucerons/19639.jpg
pucerons,corn_pests_images/pucerons/19797.jpg
acariens,corn_pests_images/acariens/24866.jpg
pucerons,corn_pests_images/pucerons/19502.jpg
pyrales,corn_pests_images/pyrales/14494.jpg
pucerons,corn_pests_images/pucerons/19741.jpg
chenilles,corn_pests_images/chenilles/17008.jpg
pucerons,corn_pests_images/pucerons/17954.jpg
pyrales,corn_pests_images/pyrales/15495.jpg
pyrales,corn_pests_images/pyrales/14359.jpg
pucerons,corn_pests_images/pucerons/17500.jpg
pucerons,corn_pests_images/pucerons/17860.jpg
pucerons,corn_pests_images/pucerons/19634.jpg
pyrales,corn_pests_images/pyrales/14915.jpg
pucerons,corn_pests_images/pucerons/20935.jpg
pucerons,corn_pests_images/pucerons/19053.jpg
pucerons,corn_pests_images/pucerons/18074.jpg
pucerons,corn_pests_images/pucerons/19487.jpg
pucerons,corn_pests_images/pucerons/17735.jpg
pucerons,corn_pests_images/pucerons/19748.jpg
acariens,corn_pests_images/acariens/24900.jpg
pucerons,corn_pests_images/pucerons/18775.jpg
pucerons,corn_pests_images/pucerons/20532.jpg
pucerons,corn_pests_images/pucerons/20827.jpg
pucerons,corn_pests_images/pucerons/18336.jpg
pyrales,corn_pests_images/pyrales/14970.jpg
pucerons,corn_pests_images/pucerons/18054.jpg
pyrales,corn_pests_images/pyrales/14659.jpg
chenilles,corn_pests_images/chenilles/16245.jpg
pucerons,corn_pests_images/pucerons/18591.jpg
pucerons,corn_pests_images/pucerons/18177.jpg
pucerons,corn_pests_images/pucerons/18312.jpg
pucerons,corn_pests_images/pucerons/17886.jpg
pyrales,corn_pests_images/pyrales/15740.jpg
pyrales,corn_pests_images/pyrales/15275.jpg
pucerons,corn_pests_images/pucerons/20545.jpg
pyrales,corn_pests_images/pyrales/14660.jpg
pyrales,corn_pests_images/pyrales/14759.jpg
pyrales,corn_pests_images/pyrales/14998.jpg
pucerons,corn_pests_images/pucerons/19818.jpg
pucerons,corn_pests_images/pucerons/18599.jpg
pyrales,corn_pests_images/pyrales/14649.jpg
pucerons,corn_pests_images/pucerons/18157.jpg
chenilles,corn_pests_images/chenilles/16019.jpg
pyrales,corn_pests_images/pyrales/15143.jpg
pucerons,corn_pests_images/pucerons/19268.jpg
pucerons,corn_pests_images/pucerons/20321.jpg
acariens,corn_pests_images/acariens/24919.jpg
pucerons,corn_pests_images/pucerons/19962.jpg
pucerons,corn_pests_images/pucerons/19034.jpg
pucerons,corn_pests_images/pucerons/20376.jpg
pyrales,corn_pests_images/pyrales/14789.jpg
chenilles,corn_pests_images/chenilles/16483.jpg
pucerons,corn_pests_images/pucerons/20141.jpg
chenilles,corn_pests_images/chenilles/16176.jpg
chenilles,corn_pests_images/chenilles/16838.jpg
chenilles,corn_pests_images/chenilles/16430.jpg
acariens,corn_pests_images/acariens/25006.jpg
pyrales,corn_pests_images/pyrales/14579.jpg
pyrales,corn_pests_images/pyrales/15995.jpg
chenilles,corn_pests_images/chenilles/16730.jpg
pyrales,corn_pests_images/pyrales/15782.jpg
chenilles,corn_pests_images/chenilles/17019.jpg
pyrales,corn_pests_images/pyrales/14466.jpg
pyrales,corn_pests_images/pyrales/15885.jpg
pucerons,corn_pests_images/pucerons/19179.jpg
pyrales,corn_pests_images/pyrales/15938.jpg
pucerons,corn_pests_images/pucerons/18330.jpg
pucerons,corn_pests_images/pucerons/19836.jpg
chenilles,corn_pests_images/chenilles/16135.jpg
pucerons,corn_pests_images/pucerons/19046.jpg
pucerons,corn_pests_images/pucerons/18050.jpg
pyrales,corn_pests_images/pyrales/15915.jpg
pucerons,corn_pests_images/pucerons/17593.jpg
chenilles,corn_pests_images/chenilles/16360.jpg
chenilles,corn_pests_images/chenilles/16217.jpg
pucerons,corn_pests_images/pucerons/18322.jpg
pucerons,corn_pests_images/pucerons/19318.jpg
pucerons,corn_pests_images/pucerons/20744.jpg
pucerons,corn_pests_images/pucerons/17184.jpg
pucerons,corn_pests_images/pucerons/21074.jpg
pucerons,corn_pests_images/pucerons/17993.jpg
pucerons,corn_pests_images/pucerons/20828.jpg
pyrales,corn_pests_images/pyrales/15218.jpg
pucerons,corn_pests_images/pucerons/20747.jpg
pyrales,corn_pests_images/pyrales/15301.jpg
pucerons,corn_pests_images/pucerons/20830.jpg
acariens,corn_pests_images/acariens/24991.jpg
pucerons,corn_pests_images/pucerons/19323.jpg
pucerons,corn_pests_images/pucerons/17520.jpg
pucerons,corn_pests_images/pucerons/20762.jpg
pyrales,corn_pests_images/pyrales/14979.jpg
pucerons,corn_pests_images/pucerons/17631.jpg
pucerons,corn_pests_images/pucerons/21149.jpg
pucerons,corn_pests_images/pucerons/18390.jpg
pyrales,corn_pests_images/pyrales/14363.jpg
pucerons,corn_pests_images/pucerons/19320.jpg
pyrales,corn_pests_images/pyrales/15705.jpg
pucerons,corn_pests_images/pucerons/20452.jpg
pyrales,corn_pests_images/pyrales/15907.jpg
pucerons,corn_pests_images/pucerons/19286.jpg
pyrales,corn_pests_images/pyrales/14362.jpg
pucerons,corn_pests_images/pucerons/19650.jpg
pucerons,corn_pests_images/pucerons/20056.jpg
pyrales,corn_pests_images/pyrales/15696.jpg
pucerons,corn_pests_images/pucerons/18531.jpg
pyrales,corn_pests_images/pyrales/14797.jpg
pucerons,corn_pests_images/pucerons/18179.jpg
pucerons,corn_pests_images/pucerons/17518.jpg
pucerons,corn_pests_images/pucerons/19923.jpg
pucerons,corn_pests_images/pucerons/21090.jpg
pucerons,corn_pests_images/pucerons/17821.jpg
chenilles,corn_pests_images/chenilles/16445.jpg
chenilles,corn_pests_images/chenilles/16905.jpg
pyrales,corn_pests_images/pyrales/15968.jpg
pyrales,corn_pests_images/pyrales/15594.jpg
pucerons,corn_pests_images/pucerons/19334.jpg
pucerons,corn_pests_images/pucerons/17179.jpg
pucerons,corn_pests_images/pucerons/19319.jpg
pucerons,corn_pests_images/pucerons/17728.jpg
pyrales,corn_pests_images/pyrales/14322.jpg
pyrales,corn_pests_images/pyrales/15293.jpg
pucerons,corn_pests_images/pucerons/18487.jpg
pucerons,corn_pests_images/pucerons/18716.jpg
chenilles,corn_pests_images/chenilles/16572.jpg
pucerons,corn_pests_images/pucerons/20771.jpg
pyrales,corn_pests_images/pyrales/15760.jpg
pucerons,corn_pests_images/pucerons/19826.jpg
chenilles,corn_pests_images/chenilles/16656.jpg
pyrales,corn_pests_images/pyrales/15003.jpg
pucerons,corn_pests_images/pucerons/19126.jpg
chenilles,corn_pests_images/chenilles/16035.jpg
pucerons,corn_pests_images/pucerons/20036.jpg
pyrales,corn_pests_images/pyrales/14566.jpg
pucerons,corn_pests_images/pucerons/19036.jpg
pucerons,corn_pests_images/pucerons/17156.jpg
pucerons,corn_pests_images/pucerons/19840.jpg
pyrales,corn_pests_images/pyrales/15751.jpg
pyrales,corn_pests_images/pyrales/14351.jpg
pucerons,corn_pests_images/pucerons/18713.jpg
pyrales,corn_pests_images/pyrales/15092.jpg
pucerons,corn_pests_images/pucerons/19070.jpg
pucerons,corn_pests_images/pucerons/17601.jpg
pucerons,corn_pests_images/pucerons/17257.jpg
pyrales,corn_pests_images/pyrales/15795.jpg
chenilles,corn_pests_images/chenilles/16040.jpg
acariens,corn_pests_images/acariens/24881.jpg
pucerons,corn_pests_images/pucerons/19961.jpg
pucerons,corn_pests_images/pucerons/18196.jpg
pucerons,corn_pests_images/pucerons/18946.jpg
chenilles,corn_pests_images/chenilles/16835.jpg
pyrales,corn_pests_images/pyrales/14753.jpg
pucerons,corn_pests_images/pucerons/19298.jpg
pucerons,corn_pests_images/pucerons/18100.jpg
pucerons,corn_pests_images/pucerons/18796.jpg
acariens,corn_pests_images/acariens/24913.jpg
pyrales,corn_pests_images/pyrales/15357.jpg
pucerons,corn_pests_images/pucerons/19883.jpg
pucerons,corn_pests_images/pucerons/19695.jpg
pyrales,corn_pests_images/pyrales/15834.jpg
pucerons,corn_pests_images/pucerons/17678.jpg
pyrales,corn_pests_images/pyrales/15310.jpg
pyrales,corn_pests_images/pyrales/15922.jpg
pyrales,corn_pests_images/pyrales/15721.jpg
pucerons,corn_pests_images/pucerons/19568.jpg
pucerons,corn_pests_images/pucerons/20859.jpg
pucerons,corn_pests_images/pucerons/20513.jpg
chenilles,corn_pests_images/chenilles/16465.jpg
pucerons,corn_pests_images/pucerons/20775.jpg
chenilles,corn_pests_images/chenilles/16166.jpg
pucerons,corn_pests_images/pucerons/20407.jpg
pucerons,corn_pests_images/pucerons/17632.jpg
pucerons,corn_pests_images/pucerons/18356.jpg
pucerons,corn_pests_images/pucerons/20631.jpg
pucerons,corn_pests_images/pucerons/20207.jpg
pucerons,corn_pests_images/pucerons/19453.jpg
pucerons,corn_pests_images/pucerons/17317.jpg
pucerons,corn_pests_images/pucerons/18951.jpg
pucerons,corn_pests_images/pucerons/18161.jpg
pyrales,corn_pests_images/pyrales/14673.jpg
pyrales,corn_pests_images/pyrales/15438.jpg
chenilles,corn_pests_images/chenilles/16271.jpg
pucerons,corn_pests_images/pucerons/20328.jpg
pucerons,corn_pests_images/pucerons/18915.jpg
chenilles,corn_pests_images/chenilles/16538.jpg
chenilles,corn_pests_images/chenilles/16764.jpg
pucerons,corn_pests_images/pucerons/19136.jpg
chenilles,corn_pests_images/chenilles/16372.jpg
pucerons,corn_pests_images/pucerons/20347.jpg
pucerons,corn_pests_images/pucerons/21042.jpg
pucerons,corn_pests_images/pucerons/20409.jpg
pyrales,corn_pests_images/pyrales/15910.jpg
pucerons,corn_pests_images/pucerons/18950.jpg
chenilles,corn_pests_images/chenilles/16456.jpg
pucerons,corn_pests_images/pucerons/19912.jpg
pucerons,corn_pests_images/pucerons/20148.jpg
pucerons,corn_pests_images/pucerons/19033.jpg
pucerons,corn_pests_images/pucerons/18516.jpg
pyrales,corn_pests_images/pyrales/15511.jpg
pyrales,corn_pests_images/pyrales/14666.jpg
pyrales,corn_pests_images/pyrales/15469.jpg
pucerons,corn_pests_images/pucerons/18670.jpg
pucerons,corn_pests_images/pucerons/17761.jpg
pucerons,corn_pests_images/pucerons/19488.jpg
chenilles,corn_pests_images/chenilles/16862.jpg
pucerons,corn_pests_images/pucerons/19873.jpg
chenilles,corn_pests_images/chenilles/16537.jpg
pyrales,corn_pests_images/pyrales/14758.jpg
pucerons,corn_pests_images/pucerons/20032.jpg
pyrales,corn_pests_images/pyrales/15346.jpg
pucerons,corn_pests_images/pucerons/17982.jpg
pyrales,corn_pests_images/pyrales/15419.jpg
pucerons,corn_pests_images/pucerons/19016.jpg
pucerons,corn_pests_images/pucerons/17490.jpg
pyrales,corn_pests_images/pyrales/14574.jpg
pucerons,corn_pests_images/pucerons/20334.jpg
pucerons,corn_pests_images/pucerons/20063.jpg
pyrales,corn_pests_images/pyrales/14576.jpg
pucerons,corn_pests_images/pucerons/19271.jpg
pucerons,corn_pests_images/pucerons/20172.jpg
pucerons,corn_pests_images/pucerons/20851.jpg
pyrales,corn_pests_images/pyrales/15960.jpg
pucerons,corn_pests_images/pucerons/20179.jpg
pyrales,corn_pests_images/pyrales/15614.jpg
pucerons,corn_pests_images/pucerons/18906.jpg
chenilles,corn_pests_images/chenilles/16863.jpg
pucerons,corn_pests_images/pucerons/19998.jpg
pyrales,corn_pests_images/pyrales/15521.jpg
chenilles,corn_pests_images/chenilles/16285.jpg
pucerons,corn_pests_images/pucerons/19085.jpg
pucerons,corn_pests_images/pucerons/17811.jpg
pyrales,corn_pests_images/pyrales/15466.jpg
pucerons,corn_pests_images/pucerons/19162.jpg
pucerons,corn_pests_images/pucerons/18765.jpg
pyrales,corn_pests_images/pyrales/15702.jpg
pyrales,corn_pests_images/pyrales/14580.jpg
pucerons,corn_pests_images/pucerons/20774.jpg
chenilles,corn_pests_images/chenilles/16043.jpg
pucerons,corn_pests_images/pucerons/19859.jpg
pucerons,corn_pests_images/pucerons/18984.jpg
pucerons,corn_pests_images/pucerons/18394.jpg
chenilles,corn_pests_images/chenilles/16785.jpg
pucerons,corn_pests_images/pucerons/20348.jpg
pucerons,corn_pests_images/pucerons/17998.jpg
pucerons,corn_pests_images/pucerons/20716.jpg
pyrales,corn_pests_images/pyrales/14895.jpg
acariens,corn_pests_images/acariens/24884.jpg
pyrales,corn_pests_images/pyrales/14434.jpg
pucerons,corn_pests_images/pucerons/20868.jpg
chenilles,corn_pests_images/chenilles/16720.jpg
pyrales,corn_pests_images/pyrales/15368.jpg
pucerons,corn_pests_images/pucerons/20569.jpg
pucerons,corn_pests_images/pucerons/17391.jpg
pyrales,corn_pests_images/pyrales/14381.jpg
pyrales,corn_pests_images/pyrales/15600.jpg
acariens,corn_pests_images/acariens/24944.jpg
pucerons,corn_pests_images/pucerons/17885.jpg
pucerons,corn_pests_images/pucerons/17781.jpg
chenilles,corn_pests_images/chenilles/16286.jpg
pucerons,corn_pests_images/pucerons/20087.jpg
chenilles,corn_pests_images/chenilles/16647.jpg
pucerons,corn_pests_images/pucerons/20008.jpg
pucerons,corn_pests_images/pucerons/19072.jpg
pucerons,corn_pests_images/pucerons/20546.jpg
pucerons,corn_pests_images/pucerons/17869.jpg
pyrales,corn_pests_images/pyrales/14658.jpg
pyrales,corn_pests_images/pyrales/14601.jpg
pyrales,corn_pests_images/pyrales/15411.jpg
pucerons,corn_pests_images/pucerons/17733.jpg
chenilles,corn_pests_images/chenilles/16199.jpg
pucerons,corn_pests_images/pucerons/19588.jpg
pucerons,corn_pests_images/pucerons/20761.jpg
pucerons,corn_pests_images/pucerons/19790.jpg
pucerons,corn_pests_images/pucerons/19184.jpg
pucerons,corn_pests_images/pucerons/18479.jpg
pucerons,corn_pests_images/pucerons/17880.jpg
acariens,corn_pests_images/acariens/.ipynb_checkpoints
pyrales,corn_pests_images/pyrales/14832.jpg
pyrales,corn_pests_images/pyrales/14862.jpg
pucerons,corn_pests_images/pucerons/19888.jpg
pucerons,corn_pests_images/pucerons/19794.jpg
pucerons,corn_pests_images/pucerons/18345.jpg
pucerons,corn_pests_images/pucerons/17275.jpg
pyrales,corn_pests_images/pyrales/15531.jpg
pucerons,corn_pests_images/pucerons/18866.jpg
pucerons,corn_pests_images/pucerons/21104.jpg
pucerons,corn_pests_images/pucerons/20834.jpg
pyrales,corn_pests_images/pyrales/15155.jpg
pucerons,corn_pests_images/pucerons/18849.jpg
pucerons,corn_pests_images/pucerons/19336.jpg
pucerons,corn_pests_images/pucerons/18467.jpg
chenilles,corn_pests_images/chenilles/16851.jpg
pucerons,corn_pests_images/pucerons/20470.jpg
pucerons,corn_pests_images/pucerons/17739.jpg
pyrales,corn_pests_images/pyrales/14433.jpg
pucerons,corn_pests_images/pucerons/18732.jpg
acariens,corn_pests_images/acariens/24885.jpg
pucerons,corn_pests_images/pucerons/19027.jpg
pucerons,corn_pests_images/pucerons/18549.jpg
pucerons,corn_pests_images/pucerons/18116.jpg
pucerons,corn_pests_images/pucerons/19746.jpg
pyrales,corn_pests_images/pyrales/14568.jpg
pyrales,corn_pests_images/pyrales/15148.jpg
pucerons,corn_pests_images/pucerons/18180.jpg
pucerons,corn_pests_images/pucerons/20870.jpg
pucerons,corn_pests_images/pucerons/20145.jpg
pucerons,corn_pests_images/pucerons/17734.jpg
acariens,corn_pests_images/acariens/25057.jpg
pucerons,corn_pests_images/pucerons/19169.jpg
pyrales,corn_pests_images/pyrales/15263.jpg
chenilles,corn_pests_images/chenilles/16629.jpg
pucerons,corn_pests_images/pucerons/21142.jpg
chenilles,corn_pests_images/chenilles/16174.jpg
pyrales,corn_pests_images/pyrales/14744.jpg
chenilles,corn_pests_images/chenilles/17038.jpg
pucerons,corn_pests_images/pucerons/18201.jpg
pucerons,corn_pests_images/pucerons/19872.jpg
pyrales,corn_pests_images/pyrales/15664.jpg
pucerons,corn_pests_images/pucerons/18168.jpg
pyrales,corn_pests_images/pyrales/15770.jpg
pucerons,corn_pests_images/pucerons/17583.jpg
pucerons,corn_pests_images/pucerons/19439.jpg
pyrales,corn_pests_images/pyrales/14535.jpg
pucerons,corn_pests_images/pucerons/19852.jpg
chenilles,corn_pests_images/chenilles/16326.jpg
chenilles,corn_pests_images/chenilles/16164.jpg
pucerons,corn_pests_images/pucerons/17426.jpg
pucerons,corn_pests_images/pucerons/20880.jpg
pucerons,corn_pests_images/pucerons/18979.jpg
chenilles,corn_pests_images/chenilles/16063.jpg
pucerons,corn_pests_images/pucerons/19066.jpg
pucerons,corn_pests_images/pucerons/21094.jpg
pucerons,corn_pests_images/pucerons/17551.jpg
pucerons,corn_pests_images/pucerons/20808.jpg
pucerons,corn_pests_images/pucerons/19450.jpg
pucerons,corn_pests_images/pucerons/20718.jpg
pyrales,corn_pests_images/pyrales/14880.jpg
pucerons,corn_pests_images/pucerons/20686.jpg
pucerons,corn_pests_images/pucerons/21166.jpg
pucerons,corn_pests_images/pucerons/18631.jpg
pucerons,corn_pests_images/pucerons/20700.jpg
pucerons,corn_pests_images/pucerons/20889.jpg
acariens,corn_pests_images/acariens/25061.jpg
pucerons,corn_pests_images/pucerons/21078.jpg
pyrales,corn_pests_images/pyrales/15845.jpg
pucerons,corn_pests_images/pucerons/18178.jpg
acariens,corn_pests_images/acariens/24893.jpg
acariens,corn_pests_images/acariens/24937.jpg
pucerons,corn_pests_images/pucerons/21163.jpg
pucerons,corn_pests_images/pucerons/20927.jpg
pucerons,corn_pests_images/pucerons/18500.jpg
pucerons,corn_pests_images/pucerons/20486.jpg
pucerons,corn_pests_images/pucerons/20653.jpg
chenilles,corn_pests_images/chenilles/16148.jpg
pyrales,corn_pests_images/pyrales/15146.jpg
pucerons,corn_pests_images/pucerons/21172.jpg
pucerons,corn_pests_images/pucerons/21173.jpg
chenilles,corn_pests_images/chenilles/16453.jpg
pucerons,corn_pests_images/pucerons/17857.jpg
pucerons,corn_pests_images/pucerons/18303.jpg
pucerons,corn_pests_images/pucerons/20732.jpg
pyrales,corn_pests_images/pyrales/15465.jpg
pucerons,corn_pests_images/pucerons/17924.jpg
pucerons,corn_pests_images/pucerons/17246.jpg
pucerons,corn_pests_images/pucerons/20401.jpg
pucerons,corn_pests_images/pucerons/19501.jpg
pucerons,corn_pests_images/pucerons/17377.jpg
pucerons,corn_pests_images/pucerons/17843.jpg
chenilles,corn_pests_images/chenilles/16085.jpg
acariens,corn_pests_images/acariens/25034.jpg
chenilles,corn_pests_images/chenilles/16345.jpg
pucerons,corn_pests_images/pucerons/18316.jpg
pucerons,corn_pests_images/pucerons/17935.jpg
chenilles,corn_pests_images/chenilles/16366.jpg
pyrales,corn_pests_images/pyrales/15544.jpg
pyrales,corn_pests_images/pyrales/14731.jpg
pyrales,corn_pests_images/pyrales/14533.jpg
pyrales,corn_pests_images/pyrales/15161.jpg
pucerons,corn_pests_images/pucerons/20405.jpg
pyrales,corn_pests_images/pyrales/15283.jpg
pucerons,corn_pests_images/pucerons/17662.jpg
pucerons,corn_pests_images/pucerons/19723.jpg
pyrales,corn_pests_images/pyrales/15320.jpg
pucerons,corn_pests_images/pucerons/18333.jpg
pucerons,corn_pests_images/pucerons/20900.jpg
pucerons,corn_pests_images/pucerons/18574.jpg
pucerons,corn_pests_images/pucerons/18270.jpg
pucerons,corn_pests_images/pucerons/19820.jpg
pucerons,corn_pests_images/pucerons/19845.jpg
pyrales,corn_pests_images/pyrales/15348.jpg
pucerons,corn_pests_images/pucerons/19871.jpg
pucerons,corn_pests_images/pucerons/17367.jpg
chenilles,corn_pests_images/chenilles/16449.jpg
pyrales,corn_pests_images/pyrales/14750.jpg
pucerons,corn_pests_images/pucerons/17794.jpg
pyrales,corn_pests_images/pyrales/15866.jpg
pucerons,corn_pests_images/pucerons/19980.jpg
pucerons,corn_pests_images/pucerons/20600.jpg
pucerons,corn_pests_images/pucerons/19506.jpg
chenilles,corn_pests_images/chenilles/16604.jpg
pucerons,corn_pests_images/pucerons/19615.jpg
pucerons,corn_pests_images/pucerons/19496.jpg
pucerons,corn_pests_images/pucerons/18828.jpg
pucerons,corn_pests_images/pucerons/18665.jpg
pucerons,corn_pests_images/pucerons/17916.jpg
pucerons,corn_pests_images/pucerons/17892.jpg
pucerons,corn_pests_images/pucerons/20842.jpg
pucerons,corn_pests_images/pucerons/18878.jpg
pyrales,corn_pests_images/pyrales/15463.jpg
chenilles,corn_pests_images/chenilles/16530.jpg
pucerons,corn_pests_images/pucerons/19922.jpg
pyrales,corn_pests_images/pyrales/14686.jpg
chenilles,corn_pests_images/chenilles/16296.jpg
pucerons,corn_pests_images/pucerons/20940.jpg
chenilles,corn_pests_images/chenilles/16974.jpg
pucerons,corn_pests_images/pucerons/18389.jpg
pucerons,corn_pests_images/pucerons/17293.jpg
pyrales,corn_pests_images/pyrales/14835.jpg
pucerons,corn_pests_images/pucerons/19282.jpg
chenilles,corn_pests_images/chenilles/17041.jpg
pyrales,corn_pests_images/pyrales/15296.jpg
pucerons,corn_pests_images/pucerons/18846.jpg
pucerons,corn_pests_images/pucerons/20883.jpg
chenilles,corn_pests_images/chenilles/16550.jpg
acariens,corn_pests_images/acariens/24878.jpg
pucerons,corn_pests_images/pucerons/17802.jpg
acariens,corn_pests_images/acariens/25010.jpg
chenilles,corn_pests_images/chenilles/16178.jpg
pucerons,corn_pests_images/pucerons/17329.jpg
pucerons,corn_pests_images/pucerons/21041.jpg
pucerons,corn_pests_images/pucerons/18182.jpg
chenilles,corn_pests_images/chenilles/16478.jpg
chenilles,corn_pests_images/chenilles/16788.jpg
pucerons,corn_pests_images/pucerons/17265.jpg
pucerons,corn_pests_images/pucerons/20939.jpg
pucerons,corn_pests_images/pucerons/18502.jpg
pyrales,corn_pests_images/pyrales/15588.jpg
pucerons,corn_pests_images/pucerons/20265.jpg
pucerons,corn_pests_images/pucerons/19808.jpg
pucerons,corn_pests_images/pucerons/20355.jpg
pucerons,corn_pests_images/pucerons/19342.jpg
pucerons,corn_pests_images/pucerons/18848.jpg
chenilles,corn_pests_images/chenilles/16264.jpg
pucerons,corn_pests_images/pucerons/18324.jpg
chenilles,corn_pests_images/chenilles/17002.jpg
pyrales,corn_pests_images/pyrales/14356.jpg
pucerons,corn_pests_images/pucerons/19031.jpg
pucerons,corn_pests_images/pucerons/18995.jpg
pucerons,corn_pests_images/pucerons/20909.jpg
chenilles,corn_pests_images/chenilles/16569.jpg
pucerons,corn_pests_images/pucerons/20932.jpg
pucerons,corn_pests_images/pucerons/18785.jpg
pucerons,corn_pests_images/pucerons/18619.jpg
pucerons,corn_pests_images/pucerons/20742.jpg
pucerons,corn_pests_images/pucerons/20014.jpg
pucerons,corn_pests_images/pucerons/20072.jpg
pyrales,corn_pests_images/pyrales/15025.jpg
pucerons,corn_pests_images/pucerons/18501.jpg
pyrales,corn_pests_images/pyrales/15206.jpg
pucerons,corn_pests_images/pucerons/17406.jpg
pucerons,corn_pests_images/pucerons/19944.jpg
pucerons,corn_pests_images/pucerons/20602.jpg
pucerons,corn_pests_images/pucerons/18022.jpg
pucerons,corn_pests_images/pucerons/19140.jpg
pucerons,corn_pests_images/pucerons/18339.jpg
chenilles,corn_pests_images/chenilles/16221.jpg
chenilles,corn_pests_images/chenilles/16325.jpg
pyrales,corn_pests_images/pyrales/15837.jpg
pyrales,corn_pests_images/pyrales/15933.jpg
pucerons,corn_pests_images/pucerons/17620.jpg
pyrales,corn_pests_images/pyrales/15044.jpg
chenilles,corn_pests_images/chenilles/16110.jpg
pucerons,corn_pests_images/pucerons/17263.jpg
pucerons,corn_pests_images/pucerons/20549.jpg
acariens,corn_pests_images/acariens/24923.jpg
pucerons,corn_pests_images/pucerons/19959.jpg
pucerons,corn_pests_images/pucerons/19308.jpg
pucerons,corn_pests_images/pucerons/21038.jpg
chenilles,corn_pests_images/chenilles/16121.jpg
pucerons,corn_pests_images/pucerons/20567.jpg
pyrales,corn_pests_images/pyrales/14907.jpg
pucerons,corn_pests_images/pucerons/17491.jpg
chenilles,corn_pests_images/chenilles/16505.jpg
pyrales,corn_pests_images/pyrales/15141.jpg
pucerons,corn_pests_images/pucerons/18304.jpg
pyrales,corn_pests_images/pyrales/14829.jpg
pucerons,corn_pests_images/pucerons/17745.jpg
pucerons,corn_pests_images/pucerons/17104.jpg
pucerons,corn_pests_images/pucerons/18736.jpg
pucerons,corn_pests_images/pucerons/19593.jpg
pucerons,corn_pests_images/pucerons/20363.jpg
pucerons,corn_pests_images/pucerons/21096.jpg
pucerons,corn_pests_images/pucerons/20920.jpg
pucerons,corn_pests_images/pucerons/20073.jpg
acariens,corn_pests_images/acariens/24983.jpg
pyrales,corn_pests_images/pyrales/14667.jpg
pucerons,corn_pests_images/pucerons/17231.jpg
chenilles,corn_pests_images/chenilles/16840.jpg
pyrales,corn_pests_images/pyrales/15434.jpg
pucerons,corn_pests_images/pucerons/21095.jpg
chenilles,corn_pests_images/chenilles/16891.jpg
pucerons,corn_pests_images/pucerons/18696.jpg
chenilles,corn_pests_images/chenilles/16907.jpg
pyrales,corn_pests_images/pyrales/14997.jpg
pucerons,corn_pests_images/pucerons/21137.jpg
chenilles,corn_pests_images/chenilles/16641.jpg
pyrales,corn_pests_images/pyrales/14916.jpg
pyrales,corn_pests_images/pyrales/15410.jpg
pyrales,corn_pests_images/pyrales/15982.jpg
pucerons,corn_pests_images/pucerons/18821.jpg
pyrales,corn_pests_images/pyrales/14899.jpg
pyrales,corn_pests_images/pyrales/14947.jpg
pucerons,corn_pests_images/pucerons/20224.jpg
pucerons,corn_pests_images/pucerons/18819.jpg
pyrales,corn_pests_images/pyrales/15099.jpg
pucerons,corn_pests_images/pucerons/17672.jpg
pucerons,corn_pests_images/pucerons/17606.jpg
pucerons,corn_pests_images/pucerons/19071.jpg
pucerons,corn_pests_images/pucerons/17510.jpg
chenilles,corn_pests_images/chenilles/16678.jpg
pyrales,corn_pests_images/pyrales/14441.jpg
pucerons,corn_pests_images/pucerons/17566.jpg
pucerons,corn_pests_images/pucerons/18144.jpg
pucerons,corn_pests_images/pucerons/20221.jpg
pucerons,corn_pests_images/pucerons/20578.jpg
pucerons,corn_pests_images/pucerons/20271.jpg
pucerons,corn_pests_images/pucerons/18854.jpg
pyrales,corn_pests_images/pyrales/15070.jpg
chenilles,corn_pests_images/chenilles/17003.jpg
pucerons,corn_pests_images/pucerons/17961.jpg
chenilles,corn_pests_images/chenilles/16845.jpg
pucerons,corn_pests_images/pucerons/19608.jpg
pucerons,corn_pests_images/pucerons/18374.jpg
pucerons,corn_pests_images/pucerons/18945.jpg
pyrales,corn_pests_images/pyrales/15322.jpg
pucerons,corn_pests_images/pucerons/18533.jpg
pucerons,corn_pests_images/pucerons/20260.jpg
pyrales,corn_pests_images/pyrales/14444.jpg
pucerons,corn_pests_images/pucerons/17165.jpg
pucerons,corn_pests_images/pucerons/20346.jpg
chenilles,corn_pests_images/chenilles/16280.jpg
pucerons,corn_pests_images/pucerons/20422.jpg
pucerons,corn_pests_images/pucerons/18575.jpg
acariens,corn_pests_images/acariens/25005.jpg
pucerons,corn_pests_images/pucerons/19232.jpg
pucerons,corn_pests_images/pucerons/18545.jpg
pucerons,corn_pests_images/pucerons/17755.jpg
chenilles,corn_pests_images/chenilles/16793.jpg
chenilles,corn_pests_images/chenilles/16309.jpg
pucerons,corn_pests_images/pucerons/17585.jpg
pyrales,corn_pests_images/pyrales/15095.jpg
chenilles,corn_pests_images/chenilles/16901.jpg
acariens,corn_pests_images/acariens/24934.jpg
pyrales,corn_pests_images/pyrales/15883.jpg
pucerons,corn_pests_images/pucerons/20906.jpg
pyrales,corn_pests_images/pyrales/15720.jpg
pucerons,corn_pests_images/pucerons/20874.jpg
pucerons,corn_pests_images/pucerons/17900.jpg
chenilles,corn_pests_images/chenilles/16652.jpg
chenilles,corn_pests_images/chenilles/16363.jpg
pucerons,corn_pests_images/pucerons/18462.jpg
pyrales,corn_pests_images/pyrales/14769.jpg
pucerons,corn_pests_images/pucerons/17397.jpg
pucerons,corn_pests_images/pucerons/20500.jpg
pucerons,corn_pests_images/pucerons/17311.jpg
pyrales,corn_pests_images/pyrales/16010.jpg
pucerons,corn_pests_images/pucerons/18838.jpg
chenilles,corn_pests_images/chenilles/16355.jpg
pucerons,corn_pests_images/pucerons/17610.jpg
chenilles,corn_pests_images/chenilles/16142.jpg
pucerons,corn_pests_images/pucerons/20838.jpg
acariens,corn_pests_images/acariens/24904.jpg
acariens,corn_pests_images/acariens/24979.jpg
pucerons,corn_pests_images/pucerons/19461.jpg
pucerons,corn_pests_images/pucerons/17106.jpg
pucerons,corn_pests_images/pucerons/19039.jpg
pyrales,corn_pests_images/pyrales/14868.jpg
pucerons,corn_pests_images/pucerons/19704.jpg
pucerons,corn_pests_images/pucerons/19868.jpg
pyrales,corn_pests_images/pyrales/15729.jpg
pucerons,corn_pests_images/pucerons/19337.jpg
pyrales,corn_pests_images/pyrales/14802.jpg
pucerons,corn_pests_images/pucerons/19245.jpg
pucerons,corn_pests_images/pucerons/17255.jpg
pyrales,corn_pests_images/pyrales/15065.jpg
pucerons,corn_pests_images/pucerons/20410.jpg
pucerons,corn_pests_images/pucerons/19220.jpg
pucerons,corn_pests_images/pucerons/18412.jpg
pyrales,corn_pests_images/pyrales/15601.jpg
pucerons,corn_pests_images/pucerons/19317.jpg
pucerons,corn_pests_images/pucerons/20004.jpg
pucerons,corn_pests_images/pucerons/17795.jpg
acariens,corn_pests_images/acariens/25037.jpg
pyrales,corn_pests_images/pyrales/14936.jpg
pucerons,corn_pests_images/pucerons/17714.jpg
pucerons,corn_pests_images/pucerons/17960.jpg
pyrales,corn_pests_images/pyrales/15266.jpg
chenilles,corn_pests_images/chenilles/16691.jpg
pucerons,corn_pests_images/pucerons/20510.jpg
pucerons,corn_pests_images/pucerons/17410.jpg
pucerons,corn_pests_images/pucerons/17595.jpg
pucerons,corn_pests_images/pucerons/19951.jpg
pucerons,corn_pests_images/pucerons/17474.jpg
pyrales,corn_pests_images/pyrales/14546.jpg
pucerons,corn_pests_images/pucerons/18638.jpg
chenilles,corn_pests_images/chenilles/16014.jpg
pyrales,corn_pests_images/pyrales/14621.jpg
pucerons,corn_pests_images/pucerons/18271.jpg
pucerons,corn_pests_images/pucerons/20929.jpg
chenilles,corn_pests_images/chenilles/16031.jpg
pucerons,corn_pests_images/pucerons/20887.jpg
chenilles,corn_pests_images/chenilles/16468.jpg
pyrales,corn_pests_images/pyrales/15815.jpg
pucerons,corn_pests_images/pucerons/17950.jpg
pyrales,corn_pests_images/pyrales/15663.jpg
pucerons,corn_pests_images/pucerons/17383.jpg
pucerons,corn_pests_images/pucerons/20800.jpg
pucerons,corn_pests_images/pucerons/20035.jpg
pucerons,corn_pests_images/pucerons/20180.jpg
chenilles,corn_pests_images/chenilles/17011.jpg
chenilles,corn_pests_images/chenilles/16948.jpg
pucerons,corn_pests_images/pucerons/20630.jpg
acariens,corn_pests_images/acariens/24846.jpg
pucerons,corn_pests_images/pucerons/18021.jpg
pucerons,corn_pests_images/pucerons/17923.jpg
pucerons,corn_pests_images/pucerons/18685.jpg
pyrales,corn_pests_images/pyrales/14695.jpg
pucerons,corn_pests_images/pucerons/19157.jpg
pyrales,corn_pests_images/pyrales/14337.jpg
pucerons,corn_pests_images/pucerons/19824.jpg
pucerons,corn_pests_images/pucerons/20448.jpg
pyrales,corn_pests_images/pyrales/14317.jpg
pucerons,corn_pests_images/pucerons/20460.jpg
pucerons,corn_pests_images/pucerons/18123.jpg
pucerons,corn_pests_images/pucerons/19726.jpg
pucerons,corn_pests_images/pucerons/17085.jpg
pucerons,corn_pests_images/pucerons/20152.jpg
pucerons,corn_pests_images/pucerons/20502.jpg
pucerons,corn_pests_images/pucerons/19427.jpg
chenilles,corn_pests_images/chenilles/16410.jpg
pucerons,corn_pests_images/pucerons/20605.jpg
chenilles,corn_pests_images/chenilles/16479.jpg
pucerons,corn_pests_images/pucerons/20785.jpg
pucerons,corn_pests_images/pucerons/21114.jpg
pucerons,corn_pests_images/pucerons/20326.jpg
chenilles,corn_pests_images/chenilles/16613.jpg
pucerons,corn_pests_images/pucerons/19710.jpg
pyrales,corn_pests_images/pyrales/15423.jpg
pyrales,corn_pests_images/pyrales/15686.jpg
pyrales,corn_pests_images/pyrales/15420.jpg
pucerons,corn_pests_images/pucerons/20320.jpg
chenilles,corn_pests_images/chenilles/16675.jpg
chenilles,corn_pests_images/chenilles/16998.jpg
pucerons,corn_pests_images/pucerons/17579.jpg
chenilles,corn_pests_images/chenilles/16253.jpg
pucerons,corn_pests_images/pucerons/19553.jpg
acariens,corn_pests_images/acariens/24925.jpg
pyrales,corn_pests_images/pyrales/15246.jpg
pyrales,corn_pests_images/pyrales/15471.jpg
pyrales,corn_pests_images/pyrales/15422.jpg
pucerons,corn_pests_images/pucerons/20493.jpg
pyrales,corn_pests_images/pyrales/15528.jpg
pucerons,corn_pests_images/pucerons/18425.jpg
chenilles,corn_pests_images/chenilles/16822.jpg
pucerons,corn_pests_images/pucerons/19642.jpg
pucerons,corn_pests_images/pucerons/21054.jpg
pucerons,corn_pests_images/pucerons/20444.jpg
pucerons,corn_pests_images/pucerons/17302.jpg
pyrales,corn_pests_images/pyrales/14489.jpg
pyrales,corn_pests_images/pyrales/15998.jpg
pucerons,corn_pests_images/pucerons/20270.jpg
pucerons,corn_pests_images/pucerons/18091.jpg
pucerons,corn_pests_images/pucerons/17356.jpg
pucerons,corn_pests_images/pucerons/18495.jpg
pyrales,corn_pests_images/pyrales/15031.jpg
pucerons,corn_pests_images/pucerons/19128.jpg
pucerons,corn_pests_images/pucerons/20576.jpg
pyrales,corn_pests_images/pyrales/15247.jpg
chenilles,corn_pests_images/chenilles/17076.jpg
pucerons,corn_pests_images/pucerons/18347.jpg
pucerons,corn_pests_images/pucerons/18230.jpg
pucerons,corn_pests_images/pucerons/21125.jpg
pucerons,corn_pests_images/pucerons/18006.jpg
pyrales,corn_pests_images/pyrales/15824.jpg
pyrales,corn_pests_images/pyrales/15405.jpg
chenilles,corn_pests_images/chenilles/16216.jpg
pyrales,corn_pests_images/pyrales/15376.jpg
pucerons,corn_pests_images/pucerons/20944.jpg
pucerons,corn_pests_images/pucerons/19860.jpg
pucerons,corn_pests_images/pucerons/20109.jpg
pucerons,corn_pests_images/pucerons/18423.jpg
acariens,corn_pests_images/acariens/25040.jpg
pucerons,corn_pests_images/pucerons/20982.jpg
pyrales,corn_pests_images/pyrales/14864.jpg
pyrales,corn_pests_images/pyrales/15284.jpg
pyrales,corn_pests_images/pyrales/14519.jpg
pucerons,corn_pests_images/pucerons/19210.jpg
pucerons,corn_pests_images/pucerons/18649.jpg
pucerons,corn_pests_images/pucerons/20711.jpg
pucerons,corn_pests_images/pucerons/20019.jpg
pyrales,corn_pests_images/pyrales/14720.jpg
pyrales,corn_pests_images/pyrales/14414.jpg
pucerons,corn_pests_images/pucerons/17230.jpg
pucerons,corn_pests_images/pucerons/19235.jpg
pyrales,corn_pests_images/pyrales/14972.jpg
pyrales,corn_pests_images/pyrales/15565.jpg
pyrales,corn_pests_images/pyrales/15789.jpg
pucerons,corn_pests_images/pucerons/20970.jpg
pucerons,corn_pests_images/pucerons/20272.jpg
pucerons,corn_pests_images/pucerons/17494.jpg
chenilles,corn_pests_images/chenilles/16714.jpg
chenilles,corn_pests_images/chenilles/16405.jpg
pyrales,corn_pests_images/pyrales/15038.jpg
pyrales,corn_pests_images/pyrales/15989.jpg
pucerons,corn_pests_images/pucerons/19581.jpg
pucerons,corn_pests_images/pucerons/18493.jpg
pucerons,corn_pests_images/pucerons/20104.jpg
pucerons,corn_pests_images/pucerons/17101.jpg
pucerons,corn_pests_images/pucerons/18562.jpg
pucerons,corn_pests_images/pucerons/17983.jpg
pyrales,corn_pests_images/pyrales/15001.jpg
pucerons,corn_pests_images/pucerons/20190.jpg
chenilles,corn_pests_images/chenilles/16208.jpg
pucerons,corn_pests_images/pucerons/20825.jpg
chenilles,corn_pests_images/chenilles/16323.jpg
pucerons,corn_pests_images/pucerons/20293.jpg
pyrales,corn_pests_images/pyrales/14986.jpg
pucerons,corn_pests_images/pucerons/17718.jpg
pucerons,corn_pests_images/pucerons/19304.jpg
pucerons,corn_pests_images/pucerons/19505.jpg
pucerons,corn_pests_images/pucerons/18570.jpg
chenilles,corn_pests_images/chenilles/16247.jpg
pyrales,corn_pests_images/pyrales/14900.jpg
pucerons,corn_pests_images/pucerons/18438.jpg
pyrales,corn_pests_images/pyrales/15693.jpg
pucerons,corn_pests_images/pucerons/19813.jpg
pucerons,corn_pests_images/pucerons/17424.jpg
pucerons,corn_pests_images/pucerons/20787.jpg
pucerons,corn_pests_images/pucerons/18461.jpg
pucerons,corn_pests_images/pucerons/17690.jpg
chenilles,corn_pests_images/chenilles/16108.jpg
pucerons,corn_pests_images/pucerons/18863.jpg
pucerons,corn_pests_images/pucerons/20559.jpg
pucerons,corn_pests_images/pucerons/18503.jpg
pucerons,corn_pests_images/pucerons/17291.jpg
pucerons,corn_pests_images/pucerons/17121.jpg
chenilles,corn_pests_images/chenilles/16377.jpg
pucerons,corn_pests_images/pucerons/20881.jpg
pyrales,corn_pests_images/pyrales/15836.jpg
pyrales,corn_pests_images/pyrales/14770.jpg
pucerons,corn_pests_images/pucerons/18296.jpg
pucerons,corn_pests_images/pucerons/18916.jpg
chenilles,corn_pests_images/chenilles/16955.jpg
pucerons,corn_pests_images/pucerons/19753.jpg
pyrales,corn_pests_images/pyrales/15262.jpg
pucerons,corn_pests_images/pucerons/19442.jpg
pucerons,corn_pests_images/pucerons/17543.jpg
pucerons,corn_pests_images/pucerons/19369.jpg
pyrales,corn_pests_images/pyrales/14721.jpg
pucerons,corn_pests_images/pucerons/19419.jpg
pucerons,corn_pests_images/pucerons/20839.jpg
chenilles,corn_pests_images/chenilles/16821.jpg
pyrales,corn_pests_images/pyrales/14828.jpg
pucerons,corn_pests_images/pucerons/17524.jpg
chenilles,corn_pests_images/chenilles/17018.jpg
pyrales,corn_pests_images/pyrales/14697.jpg
pyrales,corn_pests_images/pyrales/15626.jpg
pucerons,corn_pests_images/pucerons/18554.jpg
pucerons,corn_pests_images/pucerons/17611.jpg
pucerons,corn_pests_images/pucerons/18598.jpg
pucerons,corn_pests_images/pucerons/20560.jpg
pucerons,corn_pests_images/pucerons/17413.jpg
pyrales,corn_pests_images/pyrales/14879.jpg
pyrales,corn_pests_images/pyrales/14581.jpg
chenilles,corn_pests_images/chenilles/16365.jpg
pucerons,corn_pests_images/pucerons/17570.jpg
chenilles,corn_pests_images/chenilles/17047.jpg
acariens,corn_pests_images/acariens/25065.jpg
pucerons,corn_pests_images/pucerons/18552.jpg
pucerons,corn_pests_images/pucerons/21130.jpg
chenilles,corn_pests_images/chenilles/16844.jpg
pucerons,corn_pests_images/pucerons/20853.jpg
pucerons,corn_pests_images/pucerons/18637.jpg
chenilles,corn_pests_images/chenilles/16117.jpg
acariens,corn_pests_images/acariens/24843.jpg
pucerons,corn_pests_images/pucerons/19976.jpg
pucerons,corn_pests_images/pucerons/18192.jpg
chenilles,corn_pests_images/chenilles/16737.jpg
chenilles,corn_pests_images/chenilles/16541.jpg
pucerons,corn_pests_images/pucerons/18640.jpg
pucerons,corn_pests_images/pucerons/18447.jpg
pucerons,corn_pests_images/pucerons/20439.jpg
pucerons,corn_pests_images/pucerons/17498.jpg
chenilles,corn_pests_images/chenilles/16585.jpg
chenilles,corn_pests_images/chenilles/16163.jpg
acariens,corn_pests_images/acariens/24960.jpg
pucerons,corn_pests_images/pucerons/17369.jpg
pucerons,corn_pests_images/pucerons/18699.jpg
chenilles,corn_pests_images/chenilles/16124.jpg
pucerons,corn_pests_images/pucerons/18653.jpg
pucerons,corn_pests_images/pucerons/20301.jpg
chenilles,corn_pests_images/chenilles/16017.jpg
pucerons,corn_pests_images/pucerons/18769.jpg
pucerons,corn_pests_images/pucerons/20021.jpg
pucerons,corn_pests_images/pucerons/20399.jpg
acariens,corn_pests_images/acariens/24945.jpg
pyrales,corn_pests_images/pyrales/14332.jpg
pucerons,corn_pests_images/pucerons/18020.jpg
chenilles,corn_pests_images/chenilles/16047.jpg
pyrales,corn_pests_images/pyrales/15497.jpg
chenilles,corn_pests_images/chenilles/16873.jpg
pucerons,corn_pests_images/pucerons/20016.jpg
pyrales,corn_pests_images/pyrales/14335.jpg
pucerons,corn_pests_images/pucerons/19493.jpg
pyrales,corn_pests_images/pyrales/14350.jpg
pucerons,corn_pests_images/pucerons/19595.jpg
pucerons,corn_pests_images/pucerons/18261.jpg
pucerons,corn_pests_images/pucerons/17499.jpg
pucerons,corn_pests_images/pucerons/19972.jpg
pucerons,corn_pests_images/pucerons/17532.jpg
pucerons,corn_pests_images/pucerons/19092.jpg
pucerons,corn_pests_images/pucerons/18622.jpg
pyrales,corn_pests_images/pyrales/14780.jpg
pyrales,corn_pests_images/pyrales/15432.jpg
pucerons,corn_pests_images/pucerons/18027.jpg
pyrales,corn_pests_images/pyrales/14652.jpg
pucerons,corn_pests_images/pucerons/19047.jpg
pucerons,corn_pests_images/pucerons/18233.jpg
pucerons,corn_pests_images/pucerons/20796.jpg
pucerons,corn_pests_images/pucerons/20791.jpg
pyrales,corn_pests_images/pyrales/14588.jpg
pucerons,corn_pests_images/pucerons/20367.jpg
pucerons,corn_pests_images/pucerons/18822.jpg
pucerons,corn_pests_images/pucerons/19194.jpg
pyrales,corn_pests_images/pyrales/15902.jpg
pyrales,corn_pests_images/pyrales/14984.jpg
chenilles,corn_pests_images/chenilles/17004.jpg
pyrales,corn_pests_images/pyrales/15351.jpg
pucerons,corn_pests_images/pucerons/19774.jpg
chenilles,corn_pests_images/chenilles/16548.jpg
pucerons,corn_pests_images/pucerons/18904.jpg
pucerons,corn_pests_images/pucerons/20782.jpg
pucerons,corn_pests_images/pucerons/18511.jpg
pyrales,corn_pests_images/pyrales/15016.jpg
pucerons,corn_pests_images/pucerons/19052.jpg
pucerons,corn_pests_images/pucerons/18112.jpg
chenilles,corn_pests_images/chenilles/16927.jpg
pucerons,corn_pests_images/pucerons/19618.jpg
pucerons,corn_pests_images/pucerons/20586.jpg
chenilles,corn_pests_images/chenilles/16849.jpg
pucerons,corn_pests_images/pucerons/18203.jpg
pyrales,corn_pests_images/pyrales/14561.jpg
pucerons,corn_pests_images/pucerons/19345.jpg
pucerons,corn_pests_images/pucerons/18548.jpg
pucerons,corn_pests_images/pucerons/17831.jpg
pucerons,corn_pests_images/pucerons/20672.jpg
pyrales,corn_pests_images/pyrales/14855.jpg
pucerons,corn_pests_images/pucerons/17382.jpg
pyrales,corn_pests_images/pyrales/14551.jpg
pyrales,corn_pests_images/pyrales/14438.jpg
pucerons,corn_pests_images/pucerons/18837.jpg
pyrales,corn_pests_images/pyrales/15676.jpg
pyrales,corn_pests_images/pyrales/14449.jpg
pucerons,corn_pests_images/pucerons/19001.jpg
pucerons,corn_pests_images/pucerons/20589.jpg
pyrales,corn_pests_images/pyrales/14506.jpg
pyrales,corn_pests_images/pyrales/14927.jpg
chenilles,corn_pests_images/chenilles/17051.jpg
pucerons,corn_pests_images/pucerons/20604.jpg
pucerons,corn_pests_images/pucerons/19159.jpg
pyrales,corn_pests_images/pyrales/15089.jpg
pucerons,corn_pests_images/pucerons/20000.jpg
pucerons,corn_pests_images/pucerons/19589.jpg
pyrales,corn_pests_images/pyrales/15249.jpg
pyrales,corn_pests_images/pyrales/14364.jpg
pucerons,corn_pests_images/pucerons/18263.jpg
pyrales,corn_pests_images/pyrales/14708.jpg
chenilles,corn_pests_images/chenilles/16328.jpg
pyrales,corn_pests_images/pyrales/15074.jpg
pucerons,corn_pests_images/pucerons/17805.jpg
pucerons,corn_pests_images/pucerons/19725.jpg
chenilles,corn_pests_images/chenilles/17023.jpg
pyrales,corn_pests_images/pyrales/14904.jpg
pucerons,corn_pests_images/pucerons/18211.jpg
acariens,corn_pests_images/acariens/24969.jpg
pyrales,corn_pests_images/pyrales/14846.jpg
pucerons,corn_pests_images/pucerons/21009.jpg
pucerons,corn_pests_images/pucerons/18388.jpg
pucerons,corn_pests_images/pucerons/18195.jpg
pucerons,corn_pests_images/pucerons/20067.jpg
pucerons,corn_pests_images/pucerons/20656.jpg
pucerons,corn_pests_images/pucerons/21165.jpg
pucerons,corn_pests_images/pucerons/19302.jpg
chenilles,corn_pests_images/chenilles/16370.jpg
pyrales,corn_pests_images/pyrales/15185.jpg
pucerons,corn_pests_images/pucerons/17390.jpg
pucerons,corn_pests_images/pucerons/19133.jpg
pucerons,corn_pests_images/pucerons/19148.jpg
chenilles,corn_pests_images/chenilles/16033.jpg
chenilles,corn_pests_images/chenilles/16455.jpg
pucerons,corn_pests_images/pucerons/18107.jpg
pucerons,corn_pests_images/pucerons/20580.jpg
pucerons,corn_pests_images/pucerons/17171.jpg
pyrales,corn_pests_images/pyrales/15920.jpg
pucerons,corn_pests_images/pucerons/19114.jpg
pucerons,corn_pests_images/pucerons/18794.jpg
chenilles,corn_pests_images/chenilles/16062.jpg
pucerons,corn_pests_images/pucerons/19270.jpg
pucerons,corn_pests_images/pucerons/19699.jpg
pucerons,corn_pests_images/pucerons/18754.jpg
pucerons,corn_pests_images/pucerons/20720.jpg
pucerons,corn_pests_images/pucerons/19121.jpg
pucerons,corn_pests_images/pucerons/17269.jpg
pucerons,corn_pests_images/pucerons/20373.jpg
pucerons,corn_pests_images/pucerons/18239.jpg
pucerons,corn_pests_images/pucerons/20125.jpg
pucerons,corn_pests_images/pucerons/17854.jpg
chenilles,corn_pests_images/chenilles/16160.jpg
pyrales,corn_pests_images/pyrales/14465.jpg
pyrales,corn_pests_images/pyrales/15827.jpg
pucerons,corn_pests_images/pucerons/20925.jpg
pucerons,corn_pests_images/pucerons/20629.jpg
pucerons,corn_pests_images/pucerons/19928.jpg
chenilles,corn_pests_images/chenilles/16013.jpg
pyrales,corn_pests_images/pyrales/14803.jpg
pyrales,corn_pests_images/pyrales/14596.jpg
chenilles,corn_pests_images/chenilles/16648.jpg
pyrales,corn_pests_images/pyrales/14483.jpg
pucerons,corn_pests_images/pucerons/19332.jpg
pucerons,corn_pests_images/pucerons/17912.jpg
pucerons,corn_pests_images/pucerons/20168.jpg
pucerons,corn_pests_images/pucerons/18499.jpg
pyrales,corn_pests_images/pyrales/14555.jpg
chenilles,corn_pests_images/chenilles/16566.jpg
pucerons,corn_pests_images/pucerons/19885.jpg
pucerons,corn_pests_images/pucerons/17719.jpg
pucerons,corn_pests_images/pucerons/19236.jpg
chenilles,corn_pests_images/chenilles/16155.jpg
pucerons,corn_pests_images/pucerons/18384.jpg
pucerons,corn_pests_images/pucerons/20139.jpg
pyrales,corn_pests_images/pyrales/14385.jpg
pyrales,corn_pests_images/pyrales/14429.jpg
pucerons,corn_pests_images/pucerons/17598.jpg
acariens,corn_pests_images/acariens/24955.jpg
pucerons,corn_pests_images/pucerons/18306.jpg
pucerons,corn_pests_images/pucerons/20539.jpg
pucerons,corn_pests_images/pucerons/21032.jpg
chenilles,corn_pests_images/chenilles/16128.jpg
pyrales,corn_pests_images/pyrales/14929.jpg
pyrales,corn_pests_images/pyrales/15652.jpg
chenilles,corn_pests_images/chenilles/16745.jpg
chenilles,corn_pests_images/chenilles/16203.jpg
pyrales,corn_pests_images/pyrales/14421.jpg
pucerons,corn_pests_images/pucerons/20030.jpg
pucerons,corn_pests_images/pucerons/18740.jpg
pucerons,corn_pests_images/pucerons/19606.jpg
chenilles,corn_pests_images/chenilles/16202.jpg
chenilles,corn_pests_images/chenilles/16966.jpg
pucerons,corn_pests_images/pucerons/20981.jpg
pyrales,corn_pests_images/pyrales/15535.jpg
pucerons,corn_pests_images/pucerons/18767.jpg
pucerons,corn_pests_images/pucerons/19477.jpg
pyrales,corn_pests_images/pyrales/15039.jpg
pucerons,corn_pests_images/pucerons/18414.jpg
pucerons,corn_pests_images/pucerons/20990.jpg
pyrales,corn_pests_images/pyrales/15612.jpg
pucerons,corn_pests_images/pucerons/21150.jpg
pyrales,corn_pests_images/pyrales/14934.jpg
pucerons,corn_pests_images/pucerons/19636.jpg
pucerons,corn_pests_images/pucerons/20923.jpg
pucerons,corn_pests_images/pucerons/19196.jpg
pyrales,corn_pests_images/pyrales/15619.jpg
pucerons,corn_pests_images/pucerons/20238.jpg
chenilles,corn_pests_images/chenilles/16911.jpg
pucerons,corn_pests_images/pucerons/20200.jpg
acariens,corn_pests_images/acariens/24856.jpg
pucerons,corn_pests_images/pucerons/19259.jpg
pucerons,corn_pests_images/pucerons/17527.jpg
pucerons,corn_pests_images/pucerons/18133.jpg
pyrales,corn_pests_images/pyrales/15107.jpg
chenilles,corn_pests_images/chenilles/16507.jpg
chenilles,corn_pests_images/chenilles/16899.jpg
chenilles,corn_pests_images/chenilles/16401.jpg
pucerons,corn_pests_images/pucerons/19920.jpg
pyrales,corn_pests_images/pyrales/15690.jpg
chenilles,corn_pests_images/chenilles/16229.jpg
pucerons,corn_pests_images/pucerons/19575.jpg
pucerons,corn_pests_images/pucerons/20461.jpg
chenilles,corn_pests_images/chenilles/16790.jpg
pucerons,corn_pests_images/pucerons/19681.jpg
pucerons,corn_pests_images/pucerons/21085.jpg
pucerons,corn_pests_images/pucerons/20797.jpg
pucerons,corn_pests_images/pucerons/18376.jpg
chenilles,corn_pests_images/chenilles/16614.jpg
pucerons,corn_pests_images/pucerons/19890.jpg
pyrales,corn_pests_images/pyrales/15168.jpg
pucerons,corn_pests_images/pucerons/20654.jpg
pucerons,corn_pests_images/pucerons/17723.jpg
acariens,corn_pests_images/acariens/24990.jpg
pucerons,corn_pests_images/pucerons/19192.jpg
pucerons,corn_pests_images/pucerons/17117.jpg
pucerons,corn_pests_images/pucerons/19350.jpg
pucerons,corn_pests_images/pucerons/20766.jpg
pyrales,corn_pests_images/pyrales/14795.jpg
pucerons,corn_pests_images/pucerons/19658.jpg
pucerons,corn_pests_images/pucerons/19296.jpg
acariens,corn_pests_images/acariens/25004.jpg
pucerons,corn_pests_images/pucerons/17095.jpg
acariens,corn_pests_images/acariens/24895.jpg
pucerons,corn_pests_images/pucerons/18726.jpg
pucerons,corn_pests_images/pucerons/17804.jpg
pucerons,corn_pests_images/pucerons/19810.jpg
pucerons,corn_pests_images/pucerons/18847.jpg
pucerons,corn_pests_images/pucerons/17478.jpg
pucerons,corn_pests_images/pucerons/18890.jpg
chenilles,corn_pests_images/chenilles/16441.jpg
pucerons,corn_pests_images/pucerons/20561.jpg
acariens,corn_pests_images/acariens/24910.jpg
pucerons,corn_pests_images/pucerons/19311.jpg
pucerons,corn_pests_images/pucerons/18386.jpg
chenilles,corn_pests_images/chenilles/17026.jpg
pyrales,corn_pests_images/pyrales/14968.jpg
pucerons,corn_pests_images/pucerons/17608.jpg
pucerons,corn_pests_images/pucerons/20210.jpg
pucerons,corn_pests_images/pucerons/21016.jpg
pyrales,corn_pests_images/pyrales/15813.jpg
pyrales,corn_pests_images/pyrales/15717.jpg
pucerons,corn_pests_images/pucerons/18809.jpg
pucerons,corn_pests_images/pucerons/18064.jpg
pucerons,corn_pests_images/pucerons/17940.jpg
pyrales,corn_pests_images/pyrales/14965.jpg
pucerons,corn_pests_images/pucerons/18921.jpg
pucerons,corn_pests_images/pucerons/18127.jpg
pucerons,corn_pests_images/pucerons/20565.jpg
pyrales,corn_pests_images/pyrales/16001.jpg
chenilles,corn_pests_images/chenilles/16809.jpg
chenilles,corn_pests_images/chenilles/16894.jpg
chenilles,corn_pests_images/chenilles/16677.jpg
pucerons,corn_pests_images/pucerons/19542.jpg
pucerons,corn_pests_images/pucerons/19601.jpg
pucerons,corn_pests_images/pucerons/18287.jpg
pucerons,corn_pests_images/pucerons/17938.jpg
pyrales,corn_pests_images/pyrales/14454.jpg
pucerons,corn_pests_images/pucerons/18474.jpg
pucerons,corn_pests_images/pucerons/19466.jpg
pucerons,corn_pests_images/pucerons/19809.jpg
pyrales,corn_pests_images/pyrales/15356.jpg
pucerons,corn_pests_images/pucerons/19783.jpg
pucerons,corn_pests_images/pucerons/18164.jpg
chenilles,corn_pests_images/chenilles/16632.jpg
pucerons,corn_pests_images/pucerons/17115.jpg
pucerons,corn_pests_images/pucerons/19791.jpg
pucerons,corn_pests_images/pucerons/17660.jpg
pucerons,corn_pests_images/pucerons/17633.jpg
acariens,corn_pests_images/acariens/24932.jpg
chenilles,corn_pests_images/chenilles/16987.jpg
pyrales,corn_pests_images/pyrales/14314.jpg
acariens,corn_pests_images/acariens/24950.jpg
pyrales,corn_pests_images/pyrales/14982.jpg
pucerons,corn_pests_images/pucerons/17223.jpg
pucerons,corn_pests_images/pucerons/17319.jpg
pyrales,corn_pests_images/pyrales/14710.jpg
pucerons,corn_pests_images/pucerons/20475.jpg
pucerons,corn_pests_images/pucerons/18018.jpg
pucerons,corn_pests_images/pucerons/19567.jpg
pucerons,corn_pests_images/pucerons/17655.jpg
pucerons,corn_pests_images/pucerons/21099.jpg
pyrales,corn_pests_images/pyrales/14488.jpg
pucerons,corn_pests_images/pucerons/19191.jpg
pucerons,corn_pests_images/pucerons/20440.jpg
chenilles,corn_pests_images/chenilles/16716.jpg
chenilles,corn_pests_images/chenilles/17062.jpg
pucerons,corn_pests_images/pucerons/19987.jpg
pucerons,corn_pests_images/pucerons/18062.jpg
pyrales,corn_pests_images/pyrales/14777.jpg
pucerons,corn_pests_images/pucerons/18007.jpg
pyrales,corn_pests_images/pyrales/15454.jpg
pucerons,corn_pests_images/pucerons/20237.jpg
pyrales,corn_pests_images/pyrales/15700.jpg
chenilles,corn_pests_images/chenilles/16340.jpg
pucerons,corn_pests_images/pucerons/18999.jpg
pucerons,corn_pests_images/pucerons/17253.jpg
pyrales,corn_pests_images/pyrales/15435.jpg
pucerons,corn_pests_images/pucerons/18829.jpg
pucerons,corn_pests_images/pucerons/19435.jpg
pucerons,corn_pests_images/pucerons/18209.jpg
pucerons,corn_pests_images/pucerons/19689.jpg
pucerons,corn_pests_images/pucerons/17441.jpg
pucerons,corn_pests_images/pucerons/19731.jpg
pucerons,corn_pests_images/pucerons/21086.jpg
pucerons,corn_pests_images/pucerons/18955.jpg
pucerons,corn_pests_images/pucerons/19903.jpg
pyrales,corn_pests_images/pyrales/14707.jpg
pucerons,corn_pests_images/pucerons/17346.jpg
pyrales,corn_pests_images/pyrales/15272.jpg
pucerons,corn_pests_images/pucerons/17433.jpg
chenilles,corn_pests_images/chenilles/16527.jpg
chenilles,corn_pests_images/chenilles/16524.jpg
pucerons,corn_pests_images/pucerons/18385.jpg
pucerons,corn_pests_images/pucerons/19399.jpg
pyrales,corn_pests_images/pyrales/15980.jpg
pyrales,corn_pests_images/pyrales/14616.jpg
pucerons,corn_pests_images/pucerons/17743.jpg
chenilles,corn_pests_images/chenilles/16115.jpg
pyrales,corn_pests_images/pyrales/15530.jpg
pucerons,corn_pests_images/pucerons/19637.jpg
pyrales,corn_pests_images/pyrales/15007.jpg
pucerons,corn_pests_images/pucerons/19172.jpg
pucerons,corn_pests_images/pucerons/20558.jpg
pucerons,corn_pests_images/pucerons/20043.jpg
pucerons,corn_pests_images/pucerons/17201.jpg
pyrales,corn_pests_images/pyrales/15830.jpg
pucerons,corn_pests_images/pucerons/20609.jpg
pucerons,corn_pests_images/pucerons/20911.jpg
pucerons,corn_pests_images/pucerons/20236.jpg
pucerons,corn_pests_images/pucerons/19338.jpg
pucerons,corn_pests_images/pucerons/19587.jpg
pyrales,corn_pests_images/pyrales/15791.jpg
pucerons,corn_pests_images/pucerons/19803.jpg
pyrales,corn_pests_images/pyrales/14514.jpg
pucerons,corn_pests_images/pucerons/21022.jpg
pucerons,corn_pests_images/pucerons/19718.jpg
pucerons,corn_pests_images/pucerons/18605.jpg
pucerons,corn_pests_images/pucerons/19416.jpg
chenilles,corn_pests_images/chenilles/16935.jpg
pucerons,corn_pests_images/pucerons/19396.jpg
pyrales,corn_pests_images/pyrales/14806.jpg
acariens,corn_pests_images/acariens/25029.jpg
pucerons,corn_pests_images/pucerons/17893.jpg
pucerons,corn_pests_images/pucerons/21060.jpg
chenilles,corn_pests_images/chenilles/17007.jpg
chenilles,corn_pests_images/chenilles/16513.jpg
pucerons,corn_pests_images/pucerons/18691.jpg
pucerons,corn_pests_images/pucerons/18088.jpg
chenilles,corn_pests_images/chenilles/16775.jpg
pucerons,corn_pests_images/pucerons/19624.jpg
pyrales,corn_pests_images/pyrales/14461.jpg
pucerons,corn_pests_images/pucerons/17250.jpg
pyrales,corn_pests_images/pyrales/14957.jpg
pucerons,corn_pests_images/pucerons/17347.jpg
pucerons,corn_pests_images/pucerons/18311.jpg
chenilles,corn_pests_images/chenilles/16143.jpg
chenilles,corn_pests_images/chenilles/16616.jpg
pucerons,corn_pests_images/pucerons/17565.jpg
pucerons,corn_pests_images/pucerons/18072.jpg
chenilles,corn_pests_images/chenilles/16169.jpg
pucerons,corn_pests_images/pucerons/17834.jpg
pucerons,corn_pests_images/pucerons/18314.jpg
pucerons,corn_pests_images/pucerons/17726.jpg
pucerons,corn_pests_images/pucerons/17401.jpg
pucerons,corn_pests_images/pucerons/19679.jpg
chenilles,corn_pests_images/chenilles/16937.jpg
pucerons,corn_pests_images/pucerons/17959.jpg
pucerons,corn_pests_images/pucerons/20540.jpg
pucerons,corn_pests_images/pucerons/19090.jpg
pucerons,corn_pests_images/pucerons/19405.jpg
pucerons,corn_pests_images/pucerons/19997.jpg
pucerons,corn_pests_images/pucerons/17642.jpg
chenilles,corn_pests_images/chenilles/16896.jpg
pucerons,corn_pests_images/pucerons/20253.jpg
pyrales,corn_pests_images/pyrales/14938.jpg
chenilles,corn_pests_images/chenilles/16852.jpg
pyrales,corn_pests_images/pyrales/15046.jpg
pyrales,corn_pests_images/pyrales/15488.jpg
pucerons,corn_pests_images/pucerons/18087.jpg
chenilles,corn_pests_images/chenilles/17069.jpg
pucerons,corn_pests_images/pucerons/20728.jpg
pyrales,corn_pests_images/pyrales/15499.jpg
pyrales,corn_pests_images/pyrales/15068.jpg
pucerons,corn_pests_images/pucerons/20340.jpg
pucerons,corn_pests_images/pucerons/21139.jpg
pucerons,corn_pests_images/pucerons/20258.jpg
pucerons,corn_pests_images/pucerons/18410.jpg
acariens,corn_pests_images/acariens/24947.jpg
pyrales,corn_pests_images/pyrales/14473.jpg
pucerons,corn_pests_images/pucerons/20849.jpg
pyrales,corn_pests_images/pyrales/14459.jpg
pyrales,corn_pests_images/pyrales/15496.jpg
pucerons,corn_pests_images/pucerons/19988.jpg
pyrales,corn_pests_images/pyrales/15436.jpg
acariens,corn_pests_images/acariens/24946.jpg
pucerons,corn_pests_images/pucerons/20668.jpg
pucerons,corn_pests_images/pucerons/20406.jpg
pucerons,corn_pests_images/pucerons/17630.jpg
pucerons,corn_pests_images/pucerons/19532.jpg
pucerons,corn_pests_images/pucerons/18359.jpg
pucerons,corn_pests_images/pucerons/17853.jpg
chenilles,corn_pests_images/chenilles/16447.jpg
pucerons,corn_pests_images/pucerons/17646.jpg
pucerons,corn_pests_images/pucerons/17370.jpg
pucerons,corn_pests_images/pucerons/18867.jpg
pyrales,corn_pests_images/pyrales/15616.jpg
pucerons,corn_pests_images/pucerons/20495.jpg
pucerons,corn_pests_images/pucerons/20998.jpg
pyrales,corn_pests_images/pyrales/15323.jpg
pucerons,corn_pests_images/pucerons/20090.jpg
pyrales,corn_pests_images/pyrales/15501.jpg
pucerons,corn_pests_images/pucerons/20017.jpg
pucerons,corn_pests_images/pucerons/19448.jpg
chenilles,corn_pests_images/chenilles/16798.jpg
pyrales,corn_pests_images/pyrales/15036.jpg
chenilles,corn_pests_images/chenilles/16598.jpg
chenilles,corn_pests_images/chenilles/17074.jpg
pucerons,corn_pests_images/pucerons/17624.jpg
pucerons,corn_pests_images/pucerons/20382.jpg
pyrales,corn_pests_images/pyrales/14764.jpg
pucerons,corn_pests_images/pucerons/19831.jpg
pucerons,corn_pests_images/pucerons/19869.jpg
pucerons,corn_pests_images/pucerons/20714.jpg
chenilles,corn_pests_images/chenilles/16120.jpg
chenilles,corn_pests_images/chenilles/16919.jpg
chenilles,corn_pests_images/chenilles/16500.jpg
pucerons,corn_pests_images/pucerons/20793.jpg
pyrales,corn_pests_images/pyrales/15116.jpg
pucerons,corn_pests_images/pucerons/19645.jpg
pyrales,corn_pests_images/pyrales/15053.jpg
chenilles,corn_pests_images/chenilles/16639.jpg
pucerons,corn_pests_images/pucerons/17523.jpg
pucerons,corn_pests_images/pucerons/18170.jpg
pucerons,corn_pests_images/pucerons/20975.jpg
pucerons,corn_pests_images/pucerons/18033.jpg
pucerons,corn_pests_images/pucerons/18300.jpg
pyrales,corn_pests_images/pyrales/15395.jpg
pucerons,corn_pests_images/pucerons/19651.jpg
pyrales,corn_pests_images/pyrales/15081.jpg
pyrales,corn_pests_images/pyrales/15863.jpg
pucerons,corn_pests_images/pucerons/20115.jpg
pucerons,corn_pests_images/pucerons/19412.jpg
chenilles,corn_pests_images/chenilles/17039.jpg
acariens,corn_pests_images/acariens/24970.jpg
chenilles,corn_pests_images/chenilles/16295.jpg
pucerons,corn_pests_images/pucerons/18941.jpg
pyrales,corn_pests_images/pyrales/15000.jpg
pyrales,corn_pests_images/pyrales/14476.jpg
pucerons,corn_pests_images/pucerons/17248.jpg
chenilles,corn_pests_images/chenilles/16552.jpg
pyrales,corn_pests_images/pyrales/15186.jpg
acariens,corn_pests_images/acariens/24841.jpg
pucerons,corn_pests_images/pucerons/17296.jpg
acariens,corn_pests_images/acariens/24882.jpg
acariens,corn_pests_images/acariens/24863.jpg
pyrales,corn_pests_images/pyrales/15945.jpg
chenilles,corn_pests_images/chenilles/16380.jpg
pucerons,corn_pests_images/pucerons/18851.jpg
pucerons,corn_pests_images/pucerons/17949.jpg
pucerons,corn_pests_images/pucerons/19195.jpg
pucerons,corn_pests_images/pucerons/17233.jpg
pucerons,corn_pests_images/pucerons/18437.jpg
pucerons,corn_pests_images/pucerons/18723.jpg
chenilles,corn_pests_images/chenilles/16241.jpg
pucerons,corn_pests_images/pucerons/19340.jpg
pucerons,corn_pests_images/pucerons/19768.jpg
pucerons,corn_pests_images/pucerons/20339.jpg
acariens,corn_pests_images/acariens/24888.jpg
pucerons,corn_pests_images/pucerons/18159.jpg
chenilles,corn_pests_images/chenilles/16825.jpg
pucerons,corn_pests_images/pucerons/17355.jpg
chenilles,corn_pests_images/chenilles/16491.jpg
pyrales,corn_pests_images/pyrales/15204.jpg
chenilles,corn_pests_images/chenilles/16707.jpg
pyrales,corn_pests_images/pyrales/14739.jpg
pucerons,corn_pests_images/pucerons/18840.jpg
pucerons,corn_pests_images/pucerons/19782.jpg
pyrales,corn_pests_images/pyrales/15234.jpg
pucerons,corn_pests_images/pucerons/18522.jpg
pyrales,corn_pests_images/pyrales/14798.jpg
pucerons,corn_pests_images/pucerons/18876.jpg
pucerons,corn_pests_images/pucerons/18787.jpg
pyrales,corn_pests_images/pyrales/15126.jpg
pucerons,corn_pests_images/pucerons/18669.jpg
pucerons,corn_pests_images/pucerons/17173.jpg
pucerons,corn_pests_images/pucerons/17277.jpg
pucerons,corn_pests_images/pucerons/20570.jpg
pucerons,corn_pests_images/pucerons/21069.jpg
pucerons,corn_pests_images/pucerons/18697.jpg
chenilles,corn_pests_images/chenilles/16786.jpg
pucerons,corn_pests_images/pucerons/20254.jpg
pucerons,corn_pests_images/pucerons/18481.jpg
pyrales,corn_pests_images/pyrales/14324.jpg
pucerons,corn_pests_images/pucerons/17903.jpg
chenilles,corn_pests_images/chenilles/16414.jpg
pucerons,corn_pests_images/pucerons/19441.jpg
pucerons,corn_pests_images/pucerons/17416.jpg
pyrales,corn_pests_images/pyrales/15151.jpg
pucerons,corn_pests_images/pucerons/17845.jpg
pyrales,corn_pests_images/pyrales/15994.jpg
pucerons,corn_pests_images/pucerons/20177.jpg
pucerons,corn_pests_images/pucerons/20370.jpg
pucerons,corn_pests_images/pucerons/20048.jpg
pyrales,corn_pests_images/pyrales/14394.jpg
chenilles,corn_pests_images/chenilles/16212.jpg
pucerons,corn_pests_images/pucerons/18507.jpg
pyrales,corn_pests_images/pyrales/15037.jpg
pucerons,corn_pests_images/pucerons/17874.jpg
pucerons,corn_pests_images/pucerons/20240.jpg
pyrales,corn_pests_images/pyrales/15582.jpg
chenilles,corn_pests_images/chenilles/16650.jpg
chenilles,corn_pests_images/chenilles/16443.jpg
pucerons,corn_pests_images/pucerons/19520.jpg
pucerons,corn_pests_images/pucerons/19244.jpg
pucerons,corn_pests_images/pucerons/18976.jpg
pucerons,corn_pests_images/pucerons/18783.jpg
pucerons,corn_pests_images/pucerons/18379.jpg
pucerons,corn_pests_images/pucerons/19569.jpg
pucerons,corn_pests_images/pucerons/19870.jpg
pucerons,corn_pests_images/pucerons/19470.jpg
pucerons,corn_pests_images/pucerons/20037.jpg
pucerons,corn_pests_images/pucerons/18517.jpg
pyrales,corn_pests_images/pyrales/14604.jpg
acariens,corn_pests_images/acariens/24844.jpg
pyrales,corn_pests_images/pyrales/14665.jpg
pucerons,corn_pests_images/pucerons/20801.jpg
chenilles,corn_pests_images/chenilles/16782.jpg
pyrales,corn_pests_images/pyrales/14522.jpg
pucerons,corn_pests_images/pucerons/17578.jpg
pucerons,corn_pests_images/pucerons/19201.jpg
pucerons,corn_pests_images/pucerons/20590.jpg
pyrales,corn_pests_images/pyrales/14640.jpg
pucerons,corn_pests_images/pucerons/19420.jpg
pucerons,corn_pests_images/pucerons/18482.jpg
pucerons,corn_pests_images/pucerons/19662.jpg
pucerons,corn_pests_images/pucerons/19584.jpg
chenilles,corn_pests_images/chenilles/16462.jpg
pucerons,corn_pests_images/pucerons/21080.jpg
chenilles,corn_pests_images/chenilles/16350.jpg
pucerons,corn_pests_images/pucerons/17161.jpg
pucerons,corn_pests_images/pucerons/19772.jpg
pyrales,corn_pests_images/pyrales/15804.jpg
pyrales,corn_pests_images/pyrales/14976.jpg
chenilles,corn_pests_images/chenilles/17061.jpg
pucerons,corn_pests_images/pucerons/20921.jpg
chenilles,corn_pests_images/chenilles/16900.jpg
pyrales,corn_pests_images/pyrales/14440.jpg
pucerons,corn_pests_images/pucerons/17561.jpg
pucerons,corn_pests_images/pucerons/18521.jpg
chenilles,corn_pests_images/chenilles/16358.jpg
pucerons,corn_pests_images/pucerons/20417.jpg
pyrales,corn_pests_images/pyrales/15027.jpg
pucerons,corn_pests_images/pucerons/18927.jpg
pyrales,corn_pests_images/pyrales/15230.jpg
pucerons,corn_pests_images/pucerons/18332.jpg
pucerons,corn_pests_images/pucerons/17790.jpg
pucerons,corn_pests_images/pucerons/19876.jpg
pucerons,corn_pests_images/pucerons/19444.jpg
pucerons,corn_pests_images/pucerons/20462.jpg
pucerons,corn_pests_images/pucerons/18869.jpg
pyrales,corn_pests_images/pyrales/14467.jpg
pucerons,corn_pests_images/pucerons/19604.jpg
chenilles,corn_pests_images/chenilles/16992.jpg
pyrales,corn_pests_images/pyrales/15113.jpg
pucerons,corn_pests_images/pucerons/19351.jpg
pyrales,corn_pests_images/pyrales/15939.jpg
pyrales,corn_pests_images/pyrales/15294.jpg
pyrales,corn_pests_images/pyrales/15119.jpg
pyrales,corn_pests_images/pyrales/15953.jpg
chenilles,corn_pests_images/chenilles/16331.jpg
pucerons,corn_pests_images/pucerons/19358.jpg
pyrales,corn_pests_images/pyrales/15781.jpg
pyrales,corn_pests_images/pyrales/15180.jpg
pucerons,corn_pests_images/pucerons/18025.jpg
pyrales,corn_pests_images/pyrales/15268.jpg
pyrales,corn_pests_images/pyrales/15745.jpg
pyrales,corn_pests_images/pyrales/14451.jpg
pyrales,corn_pests_images/pyrales/15282.jpg
chenilles,corn_pests_images/chenilles/16506.jpg
pucerons,corn_pests_images/pucerons/17625.jpg
pyrales,corn_pests_images/pyrales/14733.jpg
pucerons,corn_pests_images/pucerons/19326.jpg
chenilles,corn_pests_images/chenilles/16694.jpg
pucerons,corn_pests_images/pucerons/18098.jpg
pucerons,corn_pests_images/pucerons/20537.jpg
pucerons,corn_pests_images/pucerons/20318.jpg
pucerons,corn_pests_images/pucerons/17708.jpg
pucerons,corn_pests_images/pucerons/18831.jpg
pucerons,corn_pests_images/pucerons/19076.jpg
pucerons,corn_pests_images/pucerons/19168.jpg
pucerons,corn_pests_images/pucerons/19468.jpg
chenilles,corn_pests_images/chenilles/16638.jpg
acariens,corn_pests_images/acariens/24994.jpg
pyrales,corn_pests_images/pyrales/15797.jpg
pucerons,corn_pests_images/pucerons/17990.jpg
pucerons,corn_pests_images/pucerons/18125.jpg
pucerons,corn_pests_images/pucerons/18505.jpg
pyrales,corn_pests_images/pyrales/14540.jpg
pucerons,corn_pests_images/pucerons/18119.jpg
pucerons,corn_pests_images/pucerons/19806.jpg
pucerons,corn_pests_images/pucerons/19981.jpg
pyrales,corn_pests_images/pyrales/15167.jpg
pucerons,corn_pests_images/pucerons/17360.jpg
pyrales,corn_pests_images/pyrales/15581.jpg
chenilles,corn_pests_images/chenilles/16953.jpg
pucerons,corn_pests_images/pucerons/18223.jpg
pucerons,corn_pests_images/pucerons/20158.jpg
pucerons,corn_pests_images/pucerons/17143.jpg
pucerons,corn_pests_images/pucerons/20225.jpg
pucerons,corn_pests_images/pucerons/19265.jpg
pucerons,corn_pests_images/pucerons/17149.jpg
pyrales,corn_pests_images/pyrales/14530.jpg
pucerons,corn_pests_images/pucerons/20636.jpg
pyrales,corn_pests_images/pyrales/15697.jpg
pyrales,corn_pests_images/pyrales/15086.jpg
pucerons,corn_pests_images/pucerons/20068.jpg
pyrales,corn_pests_images/pyrales/15988.jpg
pucerons,corn_pests_images/pucerons/18614.jpg
pucerons,corn_pests_images/pucerons/20403.jpg
pyrales,corn_pests_images/pyrales/15158.jpg
pucerons,corn_pests_images/pucerons/19117.jpg
pyrales,corn_pests_images/pyrales/14611.jpg
pucerons,corn_pests_images/pucerons/19074.jpg
pyrales,corn_pests_images/pyrales/14655.jpg
acariens,corn_pests_images/acariens/24897.jpg
pucerons,corn_pests_images/pucerons/19950.jpg
pucerons,corn_pests_images/pucerons/17374.jpg
pucerons,corn_pests_images/pucerons/20866.jpg
pyrales,corn_pests_images/pyrales/14740.jpg
pucerons,corn_pests_images/pucerons/19875.jpg
pucerons,corn_pests_images/pucerons/18735.jpg
pucerons,corn_pests_images/pucerons/19708.jpg
pyrales,corn_pests_images/pyrales/14487.jpg
pucerons,corn_pests_images/pucerons/19004.jpg
pucerons,corn_pests_images/pucerons/20676.jpg
pucerons,corn_pests_images/pucerons/17193.jpg
pyrales,corn_pests_images/pyrales/15209.jpg
pucerons,corn_pests_images/pucerons/17349.jpg
chenilles,corn_pests_images/chenilles/16828.jpg
pucerons,corn_pests_images/pucerons/19586.jpg
pyrales,corn_pests_images/pyrales/15276.jpg
pucerons,corn_pests_images/pucerons/19059.jpg
pyrales,corn_pests_images/pyrales/14826.jpg
pucerons,corn_pests_images/pucerons/20146.jpg
pyrales,corn_pests_images/pyrales/15990.jpg
pyrales,corn_pests_images/pyrales/14810.jpg
pucerons,corn_pests_images/pucerons/18557.jpg
chenilles,corn_pests_images/chenilles/16448.jpg
pucerons,corn_pests_images/pucerons/19400.jpg
pucerons,corn_pests_images/pucerons/17645.jpg
pucerons,corn_pests_images/pucerons/18323.jpg
pyrales,corn_pests_images/pyrales/15339.jpg
pucerons,corn_pests_images/pucerons/18901.jpg
chenilles,corn_pests_images/chenilles/16546.jpg
pucerons,corn_pests_images/pucerons/18566.jpg
pyrales,corn_pests_images/pyrales/15972.jpg
acariens,corn_pests_images/acariens/24868.jpg
pucerons,corn_pests_images/pucerons/17803.jpg
pyrales,corn_pests_images/pyrales/14326.jpg
pucerons,corn_pests_images/pucerons/19028.jpg
pucerons,corn_pests_images/pucerons/18625.jpg
pucerons,corn_pests_images/pucerons/19566.jpg
chenilles,corn_pests_images/chenilles/16951.jpg
pucerons,corn_pests_images/pucerons/18672.jpg
pucerons,corn_pests_images/pucerons/17415.jpg
pucerons,corn_pests_images/pucerons/17540.jpg
pyrales,corn_pests_images/pyrales/14776.jpg
chenilles,corn_pests_images/chenilles/16352.jpg
pucerons,corn_pests_images/pucerons/18615.jpg
pucerons,corn_pests_images/pucerons/17590.jpg
pucerons,corn_pests_images/pucerons/18604.jpg
pucerons,corn_pests_images/pucerons/17425.jpg
pucerons,corn_pests_images/pucerons/18753.jpg
pucerons,corn_pests_images/pucerons/18911.jpg
pucerons,corn_pests_images/pucerons/21089.jpg
pucerons,corn_pests_images/pucerons/17086.jpg
chenilles,corn_pests_images/chenilles/16407.jpg
pucerons,corn_pests_images/pucerons/18857.jpg
pucerons,corn_pests_images/pucerons/20169.jpg
chenilles,corn_pests_images/chenilles/16391.jpg
pucerons,corn_pests_images/pucerons/19529.jpg
pucerons,corn_pests_images/pucerons/17588.jpg
pyrales,corn_pests_images/pyrales/15127.jpg
pyrales,corn_pests_images/pyrales/15979.jpg
pucerons,corn_pests_images/pucerons/18777.jpg
pucerons,corn_pests_images/pucerons/18293.jpg
pucerons,corn_pests_images/pucerons/20699.jpg
pyrales,corn_pests_images/pyrales/15506.jpg
pyrales,corn_pests_images/pyrales/15427.jpg
pyrales,corn_pests_images/pyrales/14791.jpg
chenilles,corn_pests_images/chenilles/16861.jpg
pyrales,corn_pests_images/pyrales/15554.jpg
pyrales,corn_pests_images/pyrales/15629.jpg
pucerons,corn_pests_images/pucerons/18421.jpg
pyrales,corn_pests_images/pyrales/15105.jpg
pucerons,corn_pests_images/pucerons/18258.jpg
pucerons,corn_pests_images/pucerons/17670.jpg
chenilles,corn_pests_images/chenilles/16673.jpg
pucerons,corn_pests_images/pucerons/20922.jpg
pyrales,corn_pests_images/pyrales/15461.jpg
pyrales,corn_pests_images/pyrales/14981.jpg
pyrales,corn_pests_images/pyrales/15764.jpg
pyrales,corn_pests_images/pyrales/14784.jpg
pucerons,corn_pests_images/pucerons/19112.jpg
pucerons,corn_pests_images/pucerons/17258.jpg
pucerons,corn_pests_images/pucerons/18909.jpg
pyrales,corn_pests_images/pyrales/15993.jpg
pyrales,corn_pests_images/pyrales/14556.jpg
pyrales,corn_pests_images/pyrales/14995.jpg
pyrales,corn_pests_images/pyrales/14878.jpg
chenilles,corn_pests_images/chenilles/16024.jpg
pyrales,corn_pests_images/pyrales/15851.jpg
pucerons,corn_pests_images/pucerons/17721.jpg
acariens,corn_pests_images/acariens/24873.jpg
pyrales,corn_pests_images/pyrales/15402.jpg
pucerons,corn_pests_images/pucerons/17774.jpg
acariens,corn_pests_images/acariens/24924.jpg
pucerons,corn_pests_images/pucerons/18404.jpg
pucerons,corn_pests_images/pucerons/17978.jpg
pyrales,corn_pests_images/pyrales/15648.jpg
pucerons,corn_pests_images/pucerons/20284.jpg
chenilles,corn_pests_images/chenilles/16423.jpg
pucerons,corn_pests_images/pucerons/19217.jpg
pyrales,corn_pests_images/pyrales/14773.jpg
pyrales,corn_pests_images/pyrales/15349.jpg
chenilles,corn_pests_images/chenilles/16318.jpg
pyrales,corn_pests_images/pyrales/14333.jpg
pucerons,corn_pests_images/pucerons/19918.jpg
pucerons,corn_pests_images/pucerons/19861.jpg
pucerons,corn_pests_images/pucerons/19627.jpg
pucerons,corn_pests_images/pucerons/20388.jpg
pucerons,corn_pests_images/pucerons/20400.jpg
pucerons,corn_pests_images/pucerons/19558.jpg
chenilles,corn_pests_images/chenilles/16092.jpg
pyrales,corn_pests_images/pyrales/14766.jpg
pucerons,corn_pests_images/pucerons/17529.jpg
pucerons,corn_pests_images/pucerons/18215.jpg
pyrales,corn_pests_images/pyrales/14417.jpg
chenilles,corn_pests_images/chenilles/16833.jpg
pucerons,corn_pests_images/pucerons/20449.jpg
pyrales,corn_pests_images/pyrales/15484.jpg
pucerons,corn_pests_images/pucerons/17352.jpg
pucerons,corn_pests_images/pucerons/18855.jpg
chenilles,corn_pests_images/chenilles/16533.jpg
pucerons,corn_pests_images/pucerons/20023.jpg
pucerons,corn_pests_images/pucerons/19012.jpg
pucerons,corn_pests_images/pucerons/19227.jpg
pucerons,corn_pests_images/pucerons/18727.jpg
pucerons,corn_pests_images/pucerons/17830.jpg
pyrales,corn_pests_images/pyrales/15659.jpg
pucerons,corn_pests_images/pucerons/19583.jpg
pucerons,corn_pests_images/pucerons/20312.jpg
chenilles,corn_pests_images/chenilles/16717.jpg
pyrales,corn_pests_images/pyrales/15819.jpg
pucerons,corn_pests_images/pucerons/17757.jpg
pyrales,corn_pests_images/pyrales/14376.jpg
chenilles,corn_pests_images/chenilles/16722.jpg
pyrales,corn_pests_images/pyrales/14728.jpg
chenilles,corn_pests_images/chenilles/16517.jpg
pyrales,corn_pests_images/pyrales/14966.jpg
pucerons,corn_pests_images/pucerons/21019.jpg
chenilles,corn_pests_images/chenilles/16804.jpg
pucerons,corn_pests_images/pucerons/18617.jpg
pucerons,corn_pests_images/pucerons/20419.jpg
pucerons,corn_pests_images/pucerons/20573.jpg
pucerons,corn_pests_images/pucerons/18030.jpg
pyrales,corn_pests_images/pyrales/14409.jpg
pucerons,corn_pests_images/pucerons/18737.jpg
chenilles,corn_pests_images/chenilles/16356.jpg
pucerons,corn_pests_images/pucerons/19257.jpg
pyrales,corn_pests_images/pyrales/15071.jpg
pucerons,corn_pests_images/pucerons/17946.jpg
pucerons,corn_pests_images/pucerons/19483.jpg
pyrales,corn_pests_images/pyrales/15948.jpg
pucerons,corn_pests_images/pucerons/20864.jpg
acariens,corn_pests_images/acariens/25009.jpg
pucerons,corn_pests_images/pucerons/17419.jpg
chenilles,corn_pests_images/chenilles/16657.jpg
pucerons,corn_pests_images/pucerons/17412.jpg
acariens,corn_pests_images/acariens/25011.jpg
pucerons,corn_pests_images/pucerons/19549.jpg
pucerons,corn_pests_images/pucerons/18707.jpg
chenilles,corn_pests_images/chenilles/16973.jpg
chenilles,corn_pests_images/chenilles/16346.jpg
chenilles,corn_pests_images/chenilles/16880.jpg
pucerons,corn_pests_images/pucerons/20061.jpg
pyrales,corn_pests_images/pyrales/15636.jpg
chenilles,corn_pests_images/chenilles/16914.jpg
pucerons,corn_pests_images/pucerons/17764.jpg
chenilles,corn_pests_images/chenilles/16439.jpg
chenilles,corn_pests_images/chenilles/16698.jpg
pyrales,corn_pests_images/pyrales/14607.jpg
pyrales,corn_pests_images/pyrales/14622.jpg
pyrales,corn_pests_images/pyrales/14755.jpg
pucerons,corn_pests_images/pucerons/19391.jpg
pucerons,corn_pests_images/pucerons/18284.jpg
pucerons,corn_pests_images/pucerons/17304.jpg
pucerons,corn_pests_images/pucerons/19356.jpg
pyrales,corn_pests_images/pyrales/15624.jpg
chenilles,corn_pests_images/chenilles/16794.jpg
pucerons,corn_pests_images/pucerons/18468.jpg
pucerons,corn_pests_images/pucerons/20826.jpg
chenilles,corn_pests_images/chenilles/16244.jpg
chenilles,corn_pests_images/chenilles/16307.jpg
pucerons,corn_pests_images/pucerons/19124.jpg
chenilles,corn_pests_images/chenilles/16302.jpg
pucerons,corn_pests_images/pucerons/20908.jpg
pucerons,corn_pests_images/pucerons/17713.jpg
pucerons,corn_pests_images/pucerons/20987.jpg
pucerons,corn_pests_images/pucerons/18147.jpg
pucerons,corn_pests_images/pucerons/19973.jpg
pyrales,corn_pests_images/pyrales/15429.jpg
pucerons,corn_pests_images/pucerons/20706.jpg
pucerons,corn_pests_images/pucerons/17649.jpg
pyrales,corn_pests_images/pyrales/15265.jpg
pucerons,corn_pests_images/pucerons/19563.jpg
pyrales,corn_pests_images/pyrales/14613.jpg
pucerons,corn_pests_images/pucerons/18871.jpg
chenilles,corn_pests_images/chenilles/16266.jpg
chenilles,corn_pests_images/chenilles/16472.jpg
pucerons,corn_pests_images/pucerons/17467.jpg
pucerons,corn_pests_images/pucerons/17164.jpg
chenilles,corn_pests_images/chenilles/16975.jpg
pucerons,corn_pests_images/pucerons/20390.jpg
pucerons,corn_pests_images/pucerons/18698.jpg
pyrales,corn_pests_images/pyrales/15502.jpg
chenilles,corn_pests_images/chenilles/16357.jpg
pucerons,corn_pests_images/pucerons/18811.jpg
pucerons,corn_pests_images/pucerons/19143.jpg
pucerons,corn_pests_images/pucerons/18724.jpg
chenilles,corn_pests_images/chenilles/16361.jpg
pucerons,corn_pests_images/pucerons/18234.jpg
pyrales,corn_pests_images/pyrales/15529.jpg
pyrales,corn_pests_images/pyrales/15963.jpg
pucerons,corn_pests_images/pucerons/18887.jpg
pucerons,corn_pests_images/pucerons/18563.jpg
pucerons,corn_pests_images/pucerons/18815.jpg
pucerons,corn_pests_images/pucerons/20547.jpg
pucerons,corn_pests_images/pucerons/21031.jpg
pucerons,corn_pests_images/pucerons/17697.jpg
pucerons,corn_pests_images/pucerons/20076.jpg
pucerons,corn_pests_images/pucerons/21039.jpg
pucerons,corn_pests_images/pucerons/21113.jpg
pucerons,corn_pests_images/pucerons/17627.jpg
chenilles,corn_pests_images/chenilles/16999.jpg
pucerons,corn_pests_images/pucerons/18023.jpg
chenilles,corn_pests_images/chenilles/16986.jpg
acariens,corn_pests_images/acariens/25075.jpg
pyrales,corn_pests_images/pyrales/15862.jpg
chenilles,corn_pests_images/chenilles/16187.jpg
acariens,corn_pests_images/acariens/24977.jpg
pucerons,corn_pests_images/pucerons/19395.jpg
pucerons,corn_pests_images/pucerons/17442.jpg
chenilles,corn_pests_images/chenilles/16607.jpg
pyrales,corn_pests_images/pyrales/14599.jpg
pucerons,corn_pests_images/pucerons/20777.jpg
pucerons,corn_pests_images/pucerons/19055.jpg
pucerons,corn_pests_images/pucerons/19728.jpg
acariens,corn_pests_images/acariens/25022.jpg
pucerons,corn_pests_images/pucerons/20877.jpg
acariens,corn_pests_images/acariens/24998.jpg
pyrales,corn_pests_images/pyrales/15831.jpg
chenilles,corn_pests_images/chenilles/17016.jpg
acariens,corn_pests_images/acariens/24840.jpg
pyrales,corn_pests_images/pyrales/15743.jpg
pucerons,corn_pests_images/pucerons/18983.jpg
pucerons,corn_pests_images/pucerons/20994.jpg
pyrales,corn_pests_images/pyrales/15868.jpg
pyrales,corn_pests_images/pyrales/15224.jpg
pucerons,corn_pests_images/pucerons/20902.jpg
chenilles,corn_pests_images/chenilles/16628.jpg
pyrales,corn_pests_images/pyrales/15115.jpg
pucerons,corn_pests_images/pucerons/19629.jpg
chenilles,corn_pests_images/chenilles/16590.jpg
pucerons,corn_pests_images/pucerons/19100.jpg
chenilles,corn_pests_images/chenilles/16076.jpg
pyrales,corn_pests_images/pyrales/15304.jpg
pucerons,corn_pests_images/pucerons/18539.jpg
chenilles,corn_pests_images/chenilles/16304.jpg
chenilles,corn_pests_images/chenilles/16869.jpg
pyrales,corn_pests_images/pyrales/15897.jpg
pucerons,corn_pests_images/pucerons/20064.jpg
pucerons,corn_pests_images/pucerons/17695.jpg
pucerons,corn_pests_images/pucerons/17281.jpg
pyrales,corn_pests_images/pyrales/15256.jpg
pucerons,corn_pests_images/pucerons/18329.jpg
pucerons,corn_pests_images/pucerons/19534.jpg
chenilles,corn_pests_images/chenilles/16695.jpg
pucerons,corn_pests_images/pucerons/17217.jpg
pucerons,corn_pests_images/pucerons/17178.jpg
pucerons,corn_pests_images/pucerons/19212.jpg
chenilles,corn_pests_images/chenilles/16289.jpg
pucerons,corn_pests_images/pucerons/18706.jpg
pucerons,corn_pests_images/pucerons/19279.jpg
pyrales,corn_pests_images/pyrales/15182.jpg
pucerons,corn_pests_images/pucerons/20195.jpg
pucerons,corn_pests_images/pucerons/18758.jpg
pucerons,corn_pests_images/pucerons/17254.jpg
pyrales,corn_pests_images/pyrales/15865.jpg
pucerons,corn_pests_images/pucerons/20743.jpg
pucerons,corn_pests_images/pucerons/18569.jpg
pyrales,corn_pests_images/pyrales/15098.jpg
pucerons,corn_pests_images/pucerons/18702.jpg
pyrales,corn_pests_images/pyrales/15122.jpg
pyrales,corn_pests_images/pyrales/15397.jpg
pucerons,corn_pests_images/pucerons/17486.jpg
pyrales,corn_pests_images/pyrales/15622.jpg
pyrales,corn_pests_images/pyrales/14887.jpg
chenilles,corn_pests_images/chenilles/16789.jpg
pyrales,corn_pests_images/pyrales/15741.jpg
pucerons,corn_pests_images/pucerons/19176.jpg
pucerons,corn_pests_images/pucerons/18222.jpg
acariens,corn_pests_images/acariens/24867.jpg
pucerons,corn_pests_images/pucerons/19693.jpg
chenilles,corn_pests_images/chenilles/16816.jpg
pyrales,corn_pests_images/pyrales/15586.jpg
pucerons,corn_pests_images/pucerons/17454.jpg
chenilles,corn_pests_images/chenilles/17043.jpg
chenilles,corn_pests_images/chenilles/17005.jpg
pucerons,corn_pests_images/pucerons/17525.jpg
pyrales,corn_pests_images/pyrales/14615.jpg
pucerons,corn_pests_images/pucerons/20143.jpg
pucerons,corn_pests_images/pucerons/19722.jpg
pucerons,corn_pests_images/pucerons/18997.jpg
pucerons,corn_pests_images/pucerons/19984.jpg
chenilles,corn_pests_images/chenilles/16103.jpg
pyrales,corn_pests_images/pyrales/14843.jpg
pyrales,corn_pests_images/pyrales/14988.jpg
pyrales,corn_pests_images/pyrales/15307.jpg
pucerons,corn_pests_images/pucerons/19360.jpg
pucerons,corn_pests_images/pucerons/17094.jpg
chenilles,corn_pests_images/chenilles/16579.jpg
pucerons,corn_pests_images/pucerons/19574.jpg
pyrales,corn_pests_images/pyrales/15388.jpg
pyrales,corn_pests_images/pyrales/15882.jpg
pucerons,corn_pests_images/pucerons/17180.jpg
pucerons,corn_pests_images/pucerons/18989.jpg
pyrales,corn_pests_images/pyrales/14343.jpg
pucerons,corn_pests_images/pucerons/17564.jpg
pucerons,corn_pests_images/pucerons/20968.jpg
pyrales,corn_pests_images/pyrales/14877.jpg
pucerons,corn_pests_images/pucerons/20734.jpg
pucerons,corn_pests_images/pucerons/19916.jpg
pyrales,corn_pests_images/pyrales/15996.jpg
chenilles,corn_pests_images/chenilles/16437.jpg
chenilles,corn_pests_images/chenilles/16726.jpg
pyrales,corn_pests_images/pyrales/15541.jpg
pucerons,corn_pests_images/pucerons/18527.jpg
pucerons,corn_pests_images/pucerons/19754.jpg
pucerons,corn_pests_images/pucerons/18449.jpg
pucerons,corn_pests_images/pucerons/19233.jpg
pyrales,corn_pests_images/pyrales/15924.jpg
pucerons,corn_pests_images/pucerons/20078.jpg
pyrales,corn_pests_images/pyrales/15476.jpg
chenilles,corn_pests_images/chenilles/16335.jpg
pucerons,corn_pests_images/pucerons/20451.jpg
pucerons,corn_pests_images/pucerons/18797.jpg
pyrales,corn_pests_images/pyrales/14405.jpg
pucerons,corn_pests_images/pucerons/19062.jpg
pucerons,corn_pests_images/pucerons/20764.jpg
pyrales,corn_pests_images/pyrales/15651.jpg
pucerons,corn_pests_images/pucerons/18764.jpg
pyrales,corn_pests_images/pyrales/15196.jpg
pucerons,corn_pests_images/pucerons/17315.jpg
pucerons,corn_pests_images/pucerons/21154.jpg
pyrales,corn_pests_images/pyrales/15860.jpg
pucerons,corn_pests_images/pucerons/18244.jpg
pucerons,corn_pests_images/pucerons/20040.jpg
pucerons,corn_pests_images/pucerons/18541.jpg
pucerons,corn_pests_images/pucerons/20985.jpg
pucerons,corn_pests_images/pucerons/18451.jpg
chenilles,corn_pests_images/chenilles/16438.jpg
pucerons,corn_pests_images/pucerons/20456.jpg
pucerons,corn_pests_images/pucerons/19564.jpg
pucerons,corn_pests_images/pucerons/17216.jpg
pucerons,corn_pests_images/pucerons/20395.jpg
chenilles,corn_pests_images/chenilles/16265.jpg
pyrales,corn_pests_images/pyrales/15005.jpg
pucerons,corn_pests_images/pucerons/21026.jpg
pucerons,corn_pests_images/pucerons/20006.jpg
pucerons,corn_pests_images/pucerons/17847.jpg
pucerons,corn_pests_images/pucerons/17409.jpg
pucerons,corn_pests_images/pucerons/20192.jpg
pyrales,corn_pests_images/pyrales/15727.jpg
pucerons,corn_pests_images/pucerons/20214.jpg
pucerons,corn_pests_images/pucerons/20155.jpg
pyrales,corn_pests_images/pyrales/14656.jpg
chenilles,corn_pests_images/chenilles/16514.jpg
pucerons,corn_pests_images/pucerons/19083.jpg
pucerons,corn_pests_images/pucerons/20144.jpg
chenilles,corn_pests_images/chenilles/16020.jpg
pucerons,corn_pests_images/pucerons/17439.jpg
chenilles,corn_pests_images/chenilles/16837.jpg
chenilles,corn_pests_images/chenilles/16368.jpg
pucerons,corn_pests_images/pucerons/20725.jpg
pucerons,corn_pests_images/pucerons/18059.jpg
chenilles,corn_pests_images/chenilles/16206.jpg
pucerons,corn_pests_images/pucerons/18320.jpg
pucerons,corn_pests_images/pucerons/17783.jpg
pucerons,corn_pests_images/pucerons/17325.jpg
pucerons,corn_pests_images/pucerons/18680.jpg
pyrales,corn_pests_images/pyrales/14636.jpg
pucerons,corn_pests_images/pucerons/17198.jpg
pyrales,corn_pests_images/pyrales/14815.jpg
pucerons,corn_pests_images/pucerons/17932.jpg
pucerons,corn_pests_images/pucerons/19436.jpg
pucerons,corn_pests_images/pucerons/20469.jpg
pucerons,corn_pests_images/pucerons/17638.jpg
pyrales,corn_pests_images/pyrales/14545.jpg
pyrales,corn_pests_images/pyrales/15513.jpg
pucerons,corn_pests_images/pucerons/18111.jpg
acariens,corn_pests_images/acariens/24853.jpg
pucerons,corn_pests_images/pucerons/18902.jpg
pucerons,corn_pests_images/pucerons/21017.jpg
pucerons,corn_pests_images/pucerons/20322.jpg
chenilles,corn_pests_images/chenilles/16682.jpg
pucerons,corn_pests_images/pucerons/17997.jpg
chenilles,corn_pests_images/chenilles/16354.jpg
pucerons,corn_pests_images/pucerons/19373.jpg
pucerons,corn_pests_images/pucerons/20357.jpg
pucerons,corn_pests_images/pucerons/17650.jpg
pucerons,corn_pests_images/pucerons/17541.jpg
pucerons,corn_pests_images/pucerons/19219.jpg
pucerons,corn_pests_images/pucerons/17905.jpg
pyrales,corn_pests_images/pyrales/15109.jpg
acariens,corn_pests_images/acariens/25031.jpg
pucerons,corn_pests_images/pucerons/20097.jpg
pucerons,corn_pests_images/pucerons/20643.jpg
pucerons,corn_pests_images/pucerons/18841.jpg
pucerons,corn_pests_images/pucerons/17414.jpg
pucerons,corn_pests_images/pucerons/18349.jpg
pucerons,corn_pests_images/pucerons/20620.jpg
pucerons,corn_pests_images/pucerons/17511.jpg
pucerons,corn_pests_images/pucerons/21132.jpg
pucerons,corn_pests_images/pucerons/19707.jpg
pucerons,corn_pests_images/pucerons/17696.jpg
pyrales,corn_pests_images/pyrales/15823.jpg
pucerons,corn_pests_images/pucerons/19321.jpg
pucerons,corn_pests_images/pucerons/20069.jpg
pucerons,corn_pests_images/pucerons/18143.jpg
pucerons,corn_pests_images/pucerons/17150.jpg
pyrales,corn_pests_images/pyrales/15667.jpg
pucerons,corn_pests_images/pucerons/19591.jpg
pyrales,corn_pests_images/pyrales/15187.jpg
chenilles,corn_pests_images/chenilles/16126.jpg
pyrales,corn_pests_images/pyrales/14684.jpg
pyrales,corn_pests_images/pyrales/14406.jpg
pucerons,corn_pests_images/pucerons/20905.jpg
pyrales,corn_pests_images/pyrales/15533.jpg
chenilles,corn_pests_images/chenilles/16396.jpg
pucerons,corn_pests_images/pucerons/18108.jpg
pyrales,corn_pests_images/pyrales/15876.jpg
pyrales,corn_pests_images/pyrales/14384.jpg
pucerons,corn_pests_images/pucerons/19289.jpg
pucerons,corn_pests_images/pucerons/17187.jpg
pucerons,corn_pests_images/pucerons/20327.jpg
pucerons,corn_pests_images/pucerons/19670.jpg
pucerons,corn_pests_images/pucerons/18943.jpg
pyrales,corn_pests_images/pyrales/15011.jpg
pyrales,corn_pests_images/pyrales/15846.jpg
pyrales,corn_pests_images/pyrales/14348.jpg
pyrales,corn_pests_images/pyrales/15650.jpg
chenilles,corn_pests_images/chenilles/16689.jpg
pucerons,corn_pests_images/pucerons/20888.jpg
chenilles,corn_pests_images/chenilles/16425.jpg
pucerons,corn_pests_images/pucerons/17365.jpg
pucerons,corn_pests_images/pucerons/18160.jpg
pyrales,corn_pests_images/pyrales/14774.jpg
chenilles,corn_pests_images/chenilles/16156.jpg
pyrales,corn_pests_images/pyrales/14848.jpg
chenilles,corn_pests_images/chenilles/16867.jpg
acariens,corn_pests_images/acariens/24869.jpg
acariens,corn_pests_images/acariens/24911.jpg
pucerons,corn_pests_images/pucerons/18864.jpg
pucerons,corn_pests_images/pucerons/19533.jpg
pucerons,corn_pests_images/pucerons/19380.jpg
pyrales,corn_pests_images/pyrales/14520.jpg
pucerons,corn_pests_images/pucerons/17351.jpg
pucerons,corn_pests_images/pucerons/20171.jpg
pucerons,corn_pests_images/pucerons/17366.jpg
pyrales,corn_pests_images/pyrales/14905.jpg
pyrales,corn_pests_images/pyrales/15326.jpg
pucerons,corn_pests_images/pucerons/19190.jpg
pucerons,corn_pests_images/pucerons/20306.jpg
chenilles,corn_pests_images/chenilles/16792.jpg
chenilles,corn_pests_images/chenilles/16815.jpg
pucerons,corn_pests_images/pucerons/19119.jpg
pyrales,corn_pests_images/pyrales/15379.jpg
chenilles,corn_pests_images/chenilles/16057.jpg
pucerons,corn_pests_images/pucerons/19910.jpg
chenilles,corn_pests_images/chenilles/16242.jpg
pucerons,corn_pests_images/pucerons/17512.jpg
pucerons,corn_pests_images/pucerons/20646.jpg
pyrales,corn_pests_images/pyrales/15255.jpg
pucerons,corn_pests_images/pucerons/19273.jpg
pucerons,corn_pests_images/pucerons/18932.jpg
pucerons,corn_pests_images/pucerons/20220.jpg
chenilles,corn_pests_images/chenilles/16068.jpg
pyrales,corn_pests_images/pyrales/15712.jpg
pucerons,corn_pests_images/pucerons/18049.jpg
pyrales,corn_pests_images/pyrales/14518.jpg
pyrales,corn_pests_images/pyrales/15932.jpg
pyrales,corn_pests_images/pyrales/14602.jpg
pucerons,corn_pests_images/pucerons/17715.jpg
pyrales,corn_pests_images/pyrales/14849.jpg
pyrales,corn_pests_images/pyrales/14955.jpg
pucerons,corn_pests_images/pucerons/20058.jpg
chenilles,corn_pests_images/chenilles/16151.jpg
acariens,corn_pests_images/acariens/24860.jpg
chenilles,corn_pests_images/chenilles/16015.jpg
chenilles,corn_pests_images/chenilles/16474.jpg
chenilles,corn_pests_images/chenilles/16625.jpg
pucerons,corn_pests_images/pucerons/19619.jpg
pucerons,corn_pests_images/pucerons/20026.jpg
pucerons,corn_pests_images/pucerons/20872.jpg
pyrales,corn_pests_images/pyrales/15517.jpg
pucerons,corn_pests_images/pucerons/20652.jpg
pucerons,corn_pests_images/pucerons/17943.jpg
chenilles,corn_pests_images/chenilles/16152.jpg
pucerons,corn_pests_images/pucerons/20165.jpg
pucerons,corn_pests_images/pucerons/20557.jpg
pyrales,corn_pests_images/pyrales/14961.jpg
pyrales,corn_pests_images/pyrales/15235.jpg
pucerons,corn_pests_images/pucerons/17380.jpg
pucerons,corn_pests_images/pucerons/17785.jpg
pucerons,corn_pests_images/pucerons/19160.jpg
chenilles,corn_pests_images/chenilles/16193.jpg
acariens,corn_pests_images/acariens/25044.jpg
pyrales,corn_pests_images/pyrales/14480.jpg
chenilles,corn_pests_images/chenilles/16378.jpg
chenilles,corn_pests_images/chenilles/16058.jpg
pyrales,corn_pests_images/pyrales/15919.jpg
pyrales,corn_pests_images/pyrales/14617.jpg
pucerons,corn_pests_images/pucerons/19260.jpg
pyrales,corn_pests_images/pyrales/15056.jpg
pucerons,corn_pests_images/pucerons/17457.jpg
pyrales,corn_pests_images/pyrales/14638.jpg
pucerons,corn_pests_images/pucerons/18526.jpg
pucerons,corn_pests_images/pucerons/18899.jpg
chenilles,corn_pests_images/chenilles/16118.jpg
chenilles,corn_pests_images/chenilles/17025.jpg
pucerons,corn_pests_images/pucerons/17656.jpg
pucerons,corn_pests_images/pucerons/18136.jpg
chenilles,corn_pests_images/chenilles/16157.jpg
pucerons,corn_pests_images/pucerons/18210.jpg
pucerons,corn_pests_images/pucerons/18850.jpg
pucerons,corn_pests_images/pucerons/18773.jpg
pucerons,corn_pests_images/pucerons/21062.jpg
acariens,corn_pests_images/acariens/24993.jpg
chenilles,corn_pests_images/chenilles/16277.jpg
chenilles,corn_pests_images/chenilles/16758.jpg
pucerons,corn_pests_images/pucerons/19247.jpg
pyrales,corn_pests_images/pyrales/14470.jpg
pucerons,corn_pests_images/pucerons/20302.jpg
pyrales,corn_pests_images/pyrales/15082.jpg
pucerons,corn_pests_images/pucerons/17142.jpg
pucerons,corn_pests_images/pucerons/20639.jpg
pucerons,corn_pests_images/pucerons/21147.jpg
pucerons,corn_pests_images/pucerons/20392.jpg
pucerons,corn_pests_images/pucerons/20003.jpg
pucerons,corn_pests_images/pucerons/19655.jpg
pyrales,corn_pests_images/pyrales/15150.jpg
chenilles,corn_pests_images/chenilles/16338.jpg
pucerons,corn_pests_images/pucerons/18853.jpg
pucerons,corn_pests_images/pucerons/18929.jpg
pyrales,corn_pests_images/pyrales/14909.jpg
pucerons,corn_pests_images/pucerons/20890.jpg
chenilles,corn_pests_images/chenilles/16284.jpg
pucerons,corn_pests_images/pucerons/17839.jpg
pucerons,corn_pests_images/pucerons/19720.jpg
pucerons,corn_pests_images/pucerons/18544.jpg
pyrales,corn_pests_images/pyrales/15313.jpg
pucerons,corn_pests_images/pucerons/17434.jpg
pucerons,corn_pests_images/pucerons/17450.jpg
pucerons,corn_pests_images/pucerons/17942.jpg
pucerons,corn_pests_images/pucerons/18715.jpg
chenilles,corn_pests_images/chenilles/16959.jpg
pucerons,corn_pests_images/pucerons/19700.jpg
chenilles,corn_pests_images/chenilles/16779.jpg
pyrales,corn_pests_images/pyrales/14775.jpg
pucerons,corn_pests_images/pucerons/19889.jpg
pyrales,corn_pests_images/pyrales/15773.jpg
pyrales,corn_pests_images/pyrales/14407.jpg
chenilles,corn_pests_images/chenilles/16375.jpg
chenilles,corn_pests_images/chenilles/16621.jpg
pyrales,corn_pests_images/pyrales/15981.jpg
chenilles,corn_pests_images/chenilles/16263.jpg
pyrales,corn_pests_images/pyrales/15149.jpg
pucerons,corn_pests_images/pucerons/20132.jpg
chenilles,corn_pests_images/chenilles/16136.jpg
pucerons,corn_pests_images/pucerons/18427.jpg
pyrales,corn_pests_images/pyrales/15492.jpg
pyrales,corn_pests_images/pyrales/15873.jpg
pucerons,corn_pests_images/pucerons/19223.jpg
pucerons,corn_pests_images/pucerons/17119.jpg
pucerons,corn_pests_images/pucerons/17603.jpg
pucerons,corn_pests_images/pucerons/20385.jpg
pucerons,corn_pests_images/pucerons/19437.jpg
chenilles,corn_pests_images/chenilles/16886.jpg
pucerons,corn_pests_images/pucerons/18519.jpg
pucerons,corn_pests_images/pucerons/17386.jpg
pucerons,corn_pests_images/pucerons/20288.jpg
pucerons,corn_pests_images/pucerons/19915.jpg
pyrales,corn_pests_images/pyrales/15165.jpg
pucerons,corn_pests_images/pucerons/17137.jpg
pyrales,corn_pests_images/pyrales/15561.jpg
pyrales,corn_pests_images/pyrales/14688.jpg
chenilles,corn_pests_images/chenilles/16811.jpg
pucerons,corn_pests_images/pucerons/19609.jpg
pucerons,corn_pests_images/pucerons/19026.jpg
pucerons,corn_pests_images/pucerons/18942.jpg
pyrales,corn_pests_images/pyrales/15383.jpg
pucerons,corn_pests_images/pucerons/20002.jpg
pucerons,corn_pests_images/pucerons/17996.jpg
chenilles,corn_pests_images/chenilles/16379.jpg
pyrales,corn_pests_images/pyrales/15424.jpg
pucerons,corn_pests_images/pucerons/19095.jpg
chenilles,corn_pests_images/chenilles/16469.jpg
pyrales,corn_pests_images/pyrales/15692.jpg
pucerons,corn_pests_images/pucerons/20283.jpg
pucerons,corn_pests_images/pucerons/17480.jpg
pucerons,corn_pests_images/pucerons/18475.jpg
acariens,corn_pests_images/acariens/24890.jpg
pucerons,corn_pests_images/pucerons/17444.jpg
pyrales,corn_pests_images/pyrales/15045.jpg
pucerons,corn_pests_images/pucerons/20876.jpg
acariens,corn_pests_images/acariens/24849.jpg
pucerons,corn_pests_images/pucerons/18366.jpg
pucerons,corn_pests_images/pucerons/17568.jpg
pucerons,corn_pests_images/pucerons/17364.jpg
pyrales,corn_pests_images/pyrales/14702.jpg
pyrales,corn_pests_images/pyrales/15510.jpg
pyrales,corn_pests_images/pyrales/14845.jpg
chenilles,corn_pests_images/chenilles/16228.jpg
pucerons,corn_pests_images/pucerons/17667.jpg
pucerons,corn_pests_images/pucerons/20479.jpg
pucerons,corn_pests_images/pucerons/18193.jpg
pucerons,corn_pests_images/pucerons/18073.jpg
pucerons,corn_pests_images/pucerons/21030.jpg
pyrales,corn_pests_images/pyrales/15562.jpg
chenilles,corn_pests_images/chenilles/16404.jpg
pucerons,corn_pests_images/pucerons/20954.jpg
pyrales,corn_pests_images/pyrales/15338.jpg
acariens,corn_pests_images/acariens/24940.jpg
pyrales,corn_pests_images/pyrales/15257.jpg
pucerons,corn_pests_images/pucerons/18856.jpg
acariens,corn_pests_images/acariens/25059.jpg
pucerons,corn_pests_images/pucerons/19295.jpg
pucerons,corn_pests_images/pucerons/20127.jpg
pucerons,corn_pests_images/pucerons/17421.jpg
pucerons,corn_pests_images/pucerons/17618.jpg
chenilles,corn_pests_images/chenilles/16256.jpg
pucerons,corn_pests_images/pucerons/20038.jpg
pucerons,corn_pests_images/pucerons/20457.jpg
pucerons,corn_pests_images/pucerons/17729.jpg
chenilles,corn_pests_images/chenilles/16444.jpg
pucerons,corn_pests_images/pucerons/21160.jpg
pucerons,corn_pests_images/pucerons/21134.jpg
pucerons,corn_pests_images/pucerons/17641.jpg
pucerons,corn_pests_images/pucerons/20188.jpg
pyrales,corn_pests_images/pyrales/14416.jpg
pyrales,corn_pests_images/pyrales/15999.jpg
pyrales,corn_pests_images/pyrales/14792.jpg
pyrales,corn_pests_images/pyrales/14716.jpg
pyrales,corn_pests_images/pyrales/15318.jpg
pyrales,corn_pests_images/pyrales/15174.jpg
pyrales,corn_pests_images/pyrales/15519.jpg
pucerons,corn_pests_images/pucerons/21151.jpg
pucerons,corn_pests_images/pucerons/20338.jpg
pyrales,corn_pests_images/pyrales/15370.jpg
pyrales,corn_pests_images/pyrales/14570.jpg
pucerons,corn_pests_images/pucerons/18418.jpg
pucerons,corn_pests_images/pucerons/20166.jpg
pucerons,corn_pests_images/pucerons/17908.jpg
pucerons,corn_pests_images/pucerons/17168.jpg
chenilles,corn_pests_images/chenilles/16504.jpg
pucerons,corn_pests_images/pucerons/19780.jpg
pucerons,corn_pests_images/pucerons/18579.jpg
chenilles,corn_pests_images/chenilles/16856.jpg
chenilles,corn_pests_images/chenilles/16655.jpg
pucerons,corn_pests_images/pucerons/17787.jpg
pucerons,corn_pests_images/pucerons/19597.jpg
pucerons,corn_pests_images/pucerons/17709.jpg
pucerons,corn_pests_images/pucerons/17297.jpg
chenilles,corn_pests_images/chenilles/16494.jpg
pucerons,corn_pests_images/pucerons/17737.jpg
pucerons,corn_pests_images/pucerons/19139.jpg
pyrales,corn_pests_images/pyrales/15396.jpg
pucerons,corn_pests_images/pucerons/19127.jpg
pyrales,corn_pests_images/pyrales/15112.jpg
pyrales,corn_pests_images/pyrales/15898.jpg
pucerons,corn_pests_images/pucerons/17488.jpg
pucerons,corn_pests_images/pucerons/20966.jpg
pyrales,corn_pests_images/pyrales/14368.jpg
